,id,Player,Age,Pos,G,GS,Att,Yds,TD,Lng,Y/A,Y/G,Fmb,TD/G,Att/G
0,AbduAm00,Ameer Abdullah,22,RB,16,9,143,597,2,36,4.2,37.3,5,0.1,8.9
1,AbduAm00,Ameer Abdullah,23,RB,2,2,18,101,0,24,5.6,50.5,0,0.0,9.0
2,AbduAm00,Ameer Abdullah,24,RB,14,11,165,552,4,34,3.3,39.4,2,0.3,11.8
3,AbduAm00,Ameer Abdullah,25,RB,10,0,1,1,0,1,1.0,0.1,1,0.0,0.1
4,AbduAm00,Ameer Abdullah,26,RB,16,0,23,115,0,15,5.0,7.2,1,0.0,1.4
5,AbduAm00,Ameer Abdullah,27,RB,16,0,8,42,0,13,5.3,2.6,0,0.0,0.5
6,AbduAm00,Ameer Abdullah,28,RB,17,1,51,166,0,15,3.3,9.8,0,0.0,3.0
7,AgneJa00,Jamal Agnew,25,WR,14,2,6,33,0,11,5.5,2.4,2,0.0,0.4
8,AgneJa00,Jamal Agnew,26,WR,10,2,7,111,1,66,15.9,11.1,1,0.1,0.7
9,AhmeSa01,Salvon Ahmed,22,RB,6,4,75,319,3,31,4.3,53.2,0,0.5,12.5
10,AhmeSa01,Salvon Ahmed,23,RB,12,0,54,149,0,16,2.8,12.4,0,0.0,4.5
11,AiyuBr00,Brandon Aiyuk,22,WR,12,11,6,77,2,38,12.8,6.4,0,0.2,0.5
12,AiyuBr00,Brandon Aiyuk,23,WR,17,16,5,17,0,8,3.4,1.0,2,0.0,0.3
13,AkerCa00,Cam Akers,21,RB,13,5,145,625,2,61,4.3,48.1,1,0.2,11.2
14,AkerCa00,Cam Akers,22,RB,1,0,5,3,0,2,0.6,3.0,0,0.0,5.0
15,AlleBr00,Brandon Allen,27,QB,3,3,10,39,0,11,3.9,13.0,0,0.0,3.3
16,AlleBr00,Brandon Allen,28,QB,5,5,13,27,0,4,2.1,5.4,1,0.0,2.6
17,AlleBr00,Brandon Allen,29,QB,6,1,7,-1,0,3,-0.1,-0.2,1,0.0,1.2
18,AlleJo02,Josh Allen,22,QB,12,11,89,631,8,45,7.1,52.6,8,0.7,7.4
19,AlleJo02,Josh Allen,23,QB,16,16,109,510,9,36,4.7,31.9,14,0.6,6.8
20,AlleJo02,Josh Allen*,24,QB,16,16,102,421,8,24,4.1,26.3,9,0.5,6.4
21,AlleJo02,Josh Allen,25,QB,17,17,122,763,6,34,6.3,44.9,8,0.4,7.2
22,AlleKy00,Kyle Allen,22,QB,2,1,5,19,1,10,3.8,9.5,0,0.5,2.5
23,AlleKy00,Kyle Allen,23,QB,13,12,32,106,2,17,3.3,8.2,13,0.2,2.5
24,AlleKy00,Kyle Allen,24,QB,4,4,7,26,1,13,3.7,6.5,1,0.2,1.8
25,AlleKy00,Kyle Allen,25,QB,2,0,2,11,0,11,5.5,5.5,1,0.0,1.0
26,AndrMa00,Mark Andrews*+,26,TE,17,9,1,0,0,0,0.0,0.0,1,0.0,0.1
27,BarkSa00,Saquon Barkley*,21,RB,16,16,261,1307,11,78,5.0,81.7,0,0.7,16.3
28,BarkSa00,Saquon Barkley,22,RB,13,13,217,1003,6,68,4.6,77.2,1,0.5,16.7
29,BarkSa00,Saquon Barkley,23,RB,2,2,19,34,0,18,1.8,17.0,0,0.0,9.5
30,BarkSa00,Saquon Barkley,24,RB,13,13,162,593,2,41,3.7,45.6,2,0.2,12.5
31,BeatC.00,C.J. Beathard,24,QB,7,5,26,136,3,16,5.2,19.4,3,0.4,3.7
32,BeatC.00,C.J. Beathard,25,QB,6,5,19,69,1,13,3.6,11.5,5,0.2,3.2
33,BeatC.00,C.J. Beathard,27,QB,6,2,6,28,0,17,4.7,4.7,3,0.0,1.0
34,BeatC.00,C.J. Beathard,28,QB,2,0,1,2,0,2,2.0,1.0,0,0.0,0.5
35,BenjEn00,Eno Benjamin,22,RB,9,0,34,118,1,21,3.5,13.1,0,0.1,3.8
36,BerrBr00,Braxton Berrios,25,WR,16,2,3,29,0,15,9.7,1.8,0,0.0,0.2
37,BerrBr00,Braxton Berrios+,26,WR,16,1,7,40,2,11,5.7,2.5,1,0.1,0.4
38,BoldBr00,Brandon Bolden,23,RB,12,2,55,271,3,46,4.9,22.6,0,0.2,4.6
39,BoldBr00,Brandon Bolden,24,RB,16,2,28,89,1,17,3.2,5.6,0,0.1,1.8
40,BoldBr00,Brandon Bolden,25,RB,15,2,63,207,0,14,3.3,13.8,0,0.0,4.2
41,BoldBr00,Brandon Bolden,26,RB,14,0,1,4,0,4,4.0,0.3,0,0.0,0.1
42,BoldBr00,Brandon Bolden,27,RB,16,0,13,67,0,20,5.2,4.2,0,0.0,0.8
43,BoldBr00,Brandon Bolden,28,RB,16,0,8,91,2,54,11.4,5.7,1,0.1,0.5
44,BoldBr00,Brandon Bolden,29,RB,15,2,15,68,3,21,4.5,4.5,0,0.2,1.0
45,BoldBr00,Brandon Bolden,31,RB,17,1,44,226,1,24,5.1,13.3,1,0.1,2.6
46,BoonMi00,Mike Boone,23,RB,8,0,11,47,0,20,4.3,5.9,0,0.0,1.4
47,BoonMi00,Mike Boone,24,RB,16,2,49,273,3,59,5.6,17.1,0,0.2,3.1
48,BoonMi00,Mike Boone,25,RB,16,0,11,59,1,19,5.4,3.7,0,0.1,0.7
49,BoonMi00,Mike Boone,26,RB,8,0,4,35,0,16,8.8,4.4,0,0.0,0.5
50,BourKe00,Kendrick Bourne,26,WR,17,5,12,125,0,18,10.4,7.4,1,0.0,0.7
51,BradTo00,Tom Brady*,36,QB,16,16,32,18,0,11,0.6,1.1,9,0.0,2.0
52,BradTo00,Tom Brady*,37,QB,16,16,36,57,0,17,1.6,3.6,6,0.0,2.2
53,BradTo00,Tom Brady*,38,QB,16,16,34,53,3,13,1.6,3.3,6,0.2,2.1
54,BradTo00,Tom Brady*,39,QB,12,12,28,64,0,15,2.3,5.3,5,0.0,2.3
55,BradTo00,Tom Brady*+,40,QB,16,16,25,28,0,7,1.1,1.8,7,0.0,1.6
56,BradTo00,Tom Brady*,41,QB,16,16,23,35,2,10,1.5,2.2,4,0.1,1.4
57,BradTo00,Tom Brady,42,QB,16,16,26,34,3,17,1.3,2.1,4,0.2,1.6
58,BradTo00,Tom Brady,43,QB,16,16,30,6,3,4,0.2,0.4,4,0.2,1.9
59,BradTo00,Tom Brady*,44,QB,17,17,28,81,2,13,2.9,4.8,4,0.1,1.6
60,BreiMa00,Matt Breida,22,RB,16,0,105,465,2,33,4.4,29.1,1,0.1,6.6
61,BreiMa00,Matt Breida,23,RB,14,13,153,814,3,66,5.3,58.1,1,0.2,10.9
62,BreiMa00,Matt Breida,24,RB,13,5,123,623,1,83,5.1,47.9,2,0.1,9.5
63,BreiMa00,Matt Breida,25,RB,12,1,59,254,0,24,4.3,21.2,2,0.0,4.9
64,BreiMa00,Matt Breida,26,RB,9,0,26,125,1,28,4.8,13.9,1,0.1,2.9
65,BridTe00,Teddy Bridgewater,22,QB,13,12,47,209,1,16,4.4,16.1,3,0.1,3.6
66,BridTe00,Teddy Bridgewater*,23,QB,16,16,44,192,3,19,4.4,12.0,8,0.2,2.8
67,BridTe00,Teddy Bridgewater,25,QB,1,0,3,-3,0,-1,-1.0,-3.0,0,0.0,3.0
68,BridTe00,Teddy Bridgewater,26,QB,5,1,11,5,0,9,0.5,1.0,0,0.0,2.2
69,BridTe00,Teddy Bridgewater,27,QB,9,5,28,31,0,11,1.1,3.4,1,0.0,3.1
70,BridTe00,Teddy Bridgewater,28,QB,15,15,53,279,5,18,5.3,18.6,6,0.3,3.5
71,BridTe00,Teddy Bridgewater,29,QB,14,14,30,106,2,13,3.5,7.6,1,0.1,2.1
72,BrigGa00,Gary Brightwell,22,RB,13,0,1,4,0,4,4.0,0.3,0,0.0,0.1
73,BrisJa00,Jacoby Brissett,24,QB,3,2,16,83,1,27,5.2,27.7,3,0.3,5.3
74,BrisJa00,Jacoby Brissett,25,QB,16,15,63,260,4,25,4.1,16.3,8,0.2,3.9
75,BrisJa00,Jacoby Brissett,26,QB,4,0,7,-7,0,-1,-1.0,-1.8,0,0.0,1.8
76,BrisJa00,Jacoby Brissett,27,QB,15,15,56,228,4,24,4.1,15.2,7,0.3,3.7
77,BrisJa00,Jacoby Brissett,28,QB,11,0,17,19,3,5,1.1,1.7,0,0.3,1.5
78,BrisJa00,Jacoby Brissett,29,QB,11,5,19,70,1,19,3.7,6.4,6,0.1,1.7
79,BrowMa03,Malcolm Brown,22,RB,1,0,4,17,0,13,4.3,17.0,0,0.0,4.0
80,BrowMa03,Malcolm Brown,23,RB,16,0,18,39,0,10,2.2,2.4,1,0.0,1.1
81,BrowMa03,Malcolm Brown,24,RB,11,1,63,246,1,20,3.9,22.4,1,0.1,5.7
82,BrowMa03,Malcolm Brown,25,RB,12,0,43,212,0,19,4.9,17.7,0,0.0,3.6
83,BrowMa03,Malcolm Brown,26,RB,14,1,69,255,5,17,3.7,18.2,0,0.4,4.9
84,BrowMa03,Malcolm Brown,27,RB,16,0,101,419,5,19,4.1,26.2,1,0.3,6.3
85,BrowMa03,Malcolm Brown,28,RB,7,3,33,125,1,24,3.8,17.9,0,0.1,4.7
86,BurkRe00,Rex Burkhead,24,RB,9,0,9,27,1,10,3.0,3.0,0,0.1,1.0
87,BurkRe00,Rex Burkhead,25,RB,16,0,4,4,0,2,1.0,0.3,1,0.0,0.2
88,BurkRe00,Rex Burkhead,26,RB,16,1,74,344,2,17,4.6,21.5,1,0.1,4.6
89,BurkRe00,Rex Burkhead,27,RB,10,3,64,264,5,31,4.1,26.4,1,0.5,6.4
90,BurkRe00,Rex Burkhead,28,RB,8,4,57,186,0,12,3.3,23.3,2,0.0,7.1
91,BurkRe00,Rex Burkhead,29,RB,13,1,65,302,3,33,4.6,23.2,1,0.2,5.0
92,BurkRe00,Rex Burkhead,30,RB,10,0,67,274,3,18,4.1,27.4,0,0.3,6.7
93,BurkRe00,Rex Burkhead,31,RB,16,5,122,427,3,36,3.5,26.7,1,0.2,7.6
94,BurrJo01,Joe Burrow,24,QB,10,10,37,142,3,23,3.8,14.2,9,0.3,3.7
95,BurrJo01,Joe Burrow,25,QB,16,16,40,118,2,12,3.0,7.4,5,0.1,2.5
96,CampPa00,Parris Campbell,22,WR,7,3,4,34,0,22,8.5,4.9,3,0.0,0.6
97,CampPa00,Parris Campbell,23,WR,2,2,2,16,0,9,8.0,8.0,0,0.0,1.0
98,CarrDe02,Derek Carr,23,QB,16,16,29,92,0,41,3.2,5.8,10,0.0,1.8
99,CarrDe02,Derek Carr*,24,QB,16,16,33,138,0,24,4.2,8.6,10,0.0,2.1
100,CarrDe02,Derek Carr*,25,QB,15,15,39,70,0,13,1.8,4.7,5,0.0,2.6
101,CarrDe02,Derek Carr*,26,QB,15,15,23,66,0,32,2.9,4.4,8,0.0,1.5
102,CarrDe02,Derek Carr,27,QB,16,16,24,47,1,15,2.0,2.9,12,0.1,1.5
103,CarrDe02,Derek Carr,28,QB,16,16,27,82,2,15,3.0,5.1,7,0.1,1.7
104,CarrDe02,Derek Carr,29,QB,16,16,39,140,3,18,3.6,8.8,11,0.2,2.4
105,CarrDe02,Derek Carr,30,QB,17,17,40,108,0,22,2.7,6.4,13,0.0,2.4
106,CartDe02,DeAndre Carter,25,WR,14,4,1,7,0,7,7.0,0.5,5,0.0,0.1
107,CartDe02,DeAndre Carter,28,WR,17,6,10,89,0,27,8.9,5.2,3,0.0,0.6
108,CartMi03,Michael Carter,22,RB,14,11,147,639,4,55,4.3,45.6,1,0.3,10.5
109,ChasJa00,Ja'Marr Chase*,21,WR,17,17,7,21,0,10,3.0,1.2,2,0.0,0.4
110,ChubNi00,Nick Chubb,23,RB,16,9,192,996,8,92,5.2,62.3,0,0.5,12.0
111,ChubNi00,Nick Chubb*,24,RB,16,16,298,1494,8,88,5.0,93.4,3,0.5,18.6
112,ChubNi00,Nick Chubb*,25,RB,12,12,190,1067,12,59,5.6,88.9,1,1.0,15.8
113,ChubNi00,Nick Chubb*,26,RB,14,14,228,1259,8,70,5.5,89.9,2,0.6,16.3
114,ClayCh01,Chase Claypool,22,WR,16,6,10,16,2,8,1.6,1.0,3,0.1,0.6
115,ClayCh01,Chase Claypool,23,WR,15,13,14,96,0,25,6.9,6.4,0,0.0,0.9
116,ColeTe01,Tevin Coleman,22,RB,12,3,87,392,1,46,4.5,32.7,3,0.1,7.2
117,ColeTe01,Tevin Coleman,23,RB,13,0,118,520,8,55,4.4,40.0,1,0.6,9.1
118,ColeTe01,Tevin Coleman,24,RB,15,3,156,628,5,52,4.0,41.9,1,0.3,10.4
119,ColeTe01,Tevin Coleman,25,RB,16,14,167,800,4,65,4.8,50.0,2,0.2,10.4
120,ColeTe01,Tevin Coleman,26,RB,14,11,137,544,6,48,4.0,38.9,0,0.4,9.8
121,ColeTe01,Tevin Coleman,27,RB,8,1,28,53,0,12,1.9,6.6,0,0.0,3.5
122,ColeTe01,Tevin Coleman,28,RB,11,5,84,356,0,20,4.2,32.4,0,0.0,7.6
123,ConnJa00,James Conner,22,RB,14,0,32,144,0,23,4.5,10.3,0,0.0,2.3
124,ConnJa00,James Conner*,23,RB,13,12,215,973,12,30,4.5,74.8,4,0.9,16.5
125,ConnJa00,James Conner,24,RB,10,10,116,464,4,25,4.0,46.4,1,0.4,11.6
126,ConnJa00,James Conner,25,RB,13,11,169,721,6,59,4.3,55.5,2,0.5,13.0
127,ConnJa00,James Conner*,26,RB,15,6,202,752,15,35,3.7,50.1,2,1.0,13.5
128,CookBr00,Brandin Cooks,21,WR,10,7,7,73,1,28,10.4,7.3,1,0.1,0.7
129,CookBr00,Brandin Cooks,22,WR,16,12,8,18,0,11,2.3,1.1,1,0.0,0.5
130,CookBr00,Brandin Cooks,23,WR,16,12,6,30,0,11,5.0,1.9,1,0.0,0.4
131,CookBr00,Brandin Cooks,24,WR,16,15,9,40,0,13,4.4,2.5,0,0.0,0.6
132,CookBr00,Brandin Cooks,25,WR,16,16,10,68,1,17,6.8,4.3,1,0.1,0.6
133,CookBr00,Brandin Cooks,26,WR,14,14,6,52,0,27,8.7,3.7,0,0.0,0.4
134,CookBr00,Brandin Cooks,28,WR,16,16,2,21,0,16,10.5,1.3,0,0.0,0.1
135,CookDa01,Dalvin Cook,22,RB,4,4,74,354,2,33,4.8,88.5,1,0.5,18.5
136,CookDa01,Dalvin Cook,23,RB,11,10,133,615,2,70,4.6,55.9,2,0.2,12.1
137,CookDa01,Dalvin Cook*,24,RB,14,14,250,1135,13,75,4.5,81.1,4,0.9,17.9
138,CookDa01,Dalvin Cook*,25,RB,14,14,312,1557,16,70,5.0,111.2,5,1.1,22.3
139,CookDa01,Dalvin Cook*,26,RB,13,13,249,1159,6,66,4.7,89.2,3,0.5,19.2
140,CousKi00,Kirk Cousins,25,QB,5,3,4,14,0,6,3.5,2.8,3,0.0,0.8
141,CousKi00,Kirk Cousins,26,QB,6,5,7,20,0,12,2.9,3.3,2,0.0,1.2
142,CousKi00,Kirk Cousins,27,QB,16,16,26,48,5,13,1.8,3.0,9,0.3,1.6
143,CousKi00,Kirk Cousins*,28,QB,16,16,34,96,4,19,2.8,6.0,9,0.2,2.1
144,CousKi00,Kirk Cousins,29,QB,16,16,49,179,4,18,3.7,11.2,13,0.2,3.1
145,CousKi00,Kirk Cousins,30,QB,16,16,44,123,1,19,2.8,7.7,9,0.1,2.8
146,CousKi00,Kirk Cousins*,31,QB,15,15,31,63,1,14,2.0,4.2,10,0.1,2.1
147,CousKi00,Kirk Cousins,32,QB,16,16,32,156,1,16,4.9,9.8,9,0.1,2.0
148,CousKi00,Kirk Cousins*,33,QB,16,16,29,115,1,29,4.0,7.2,12,0.1,1.8
149,DallDe00,DeeJay Dallas,22,RB,12,2,34,108,2,13,3.2,9.0,0,0.2,2.8
150,DallDe00,DeeJay Dallas,23,RB,17,0,33,138,2,15,4.2,8.1,1,0.1,1.9
151,DaltAn00,Andy Dalton,26,QB,16,16,61,183,2,12,3.0,11.4,4,0.1,3.8
152,DaltAn00,Andy Dalton*,27,QB,16,16,60,169,4,20,2.8,10.6,3,0.2,3.8
153,DaltAn00,Andy Dalton,28,QB,13,13,57,142,3,12,2.5,10.9,5,0.2,4.4
154,DaltAn00,Andy Dalton*,29,QB,16,16,46,184,4,15,4.0,11.5,9,0.2,2.9
155,DaltAn00,Andy Dalton,30,QB,16,16,38,99,0,25,2.6,6.2,4,0.0,2.4
156,DaltAn00,Andy Dalton,31,QB,11,11,16,99,0,21,6.2,9.0,1,0.0,1.5
157,DaltAn00,Andy Dalton,32,QB,13,13,32,73,4,17,2.3,5.6,8,0.3,2.5
158,DaltAn00,Andy Dalton,33,QB,11,9,28,114,0,13,4.1,10.4,2,0.0,2.5
159,DaltAn00,Andy Dalton,34,QB,8,6,16,76,0,14,4.8,9.5,1,0.0,2.0
160,DardJa00,Jaelon Darden,22,WR,9,0,1,11,0,11,11.0,1.2,0,0.0,0.1
161,DarnSa00,Sam Darnold,21,QB,13,13,44,138,1,28,3.1,10.6,5,0.1,3.4
162,DarnSa00,Sam Darnold,22,QB,13,13,33,62,2,24,1.9,4.8,11,0.2,2.5
163,DarnSa00,Sam Darnold,23,QB,12,12,37,217,2,46,5.9,18.1,4,0.2,3.1
164,DarnSa00,Sam Darnold,24,QB,12,11,48,222,5,30,4.6,18.5,9,0.4,4.0
165,DaviMi01,Mike Davis,22,WR,6,0,35,58,0,13,1.7,9.7,0,0.0,5.8
166,DaviMi01,Mike Davis,23,WR,8,1,19,50,1,8,2.6,6.3,1,0.1,2.4
167,DaviMi01,Mike Davis,24,RB,6,6,68,240,0,33,3.5,40.0,0,0.0,11.3
168,DaviMi01,Mike Davis,25,WR,15,2,112,514,4,37,4.6,34.3,0,0.3,7.5
169,DaviMi01,Mike Davis,26,WR,12,1,13,27,0,8,2.1,2.3,0,0.0,1.1
170,DaviMi01,Mike Davis,27,RB,15,12,165,642,6,25,3.9,42.8,1,0.4,11.0
171,DaviMi01,Mike Davis,28,RB,17,8,138,503,3,18,3.6,29.6,4,0.2,8.1
172,DillAJ00,AJ Dillon,22,RB,11,0,46,242,2,30,5.3,22.0,0,0.2,4.2
173,DillAJ00,AJ Dillon,23,RB,17,2,187,803,5,36,4.3,47.2,2,0.3,11.0
174,DobbJK00,J.K. Dobbins,22,RB,15,1,134,805,9,72,6.0,53.7,2,0.6,8.9
175,DortGr01,Greg Dortch,23,WR,5,2,1,24,0,24,24.0,4.8,0,0.0,0.2
176,DrakKe00,Kenyan Drake,22,RB,16,1,33,179,2,45,5.4,11.2,1,0.1,2.1
177,DrakKe00,Kenyan Drake,23,RB,16,6,133,644,3,66,4.8,40.3,2,0.2,8.3
178,DrakKe00,Kenyan Drake,24,RB,16,7,120,535,4,54,4.5,33.4,2,0.2,7.5
179,DrakKe00,Kenyan Drake,25,RB,14,10,170,817,8,80,4.8,58.4,2,0.6,12.1
180,DrakKe00,Kenyan Drake,26,RB,15,13,239,955,10,69,4.0,63.7,3,0.7,15.9
181,DrakKe00,Kenyan Drake,27,RB,12,2,63,254,2,21,4.0,21.2,1,0.2,5.2
182,DrisJe00,Jeff Driskel,25,QB,9,5,25,130,2,27,5.2,14.4,4,0.2,2.8
183,DrisJe00,Jeff Driskel,26,QB,3,3,22,151,1,23,6.9,50.3,1,0.3,7.3
184,DrisJe00,Jeff Driskel,27,QB,3,1,6,28,0,9,4.7,9.3,0,0.0,2.0
185,DuliAs00,Ashton Dulin,23,WR,13,0,2,11,0,8,5.5,0.8,1,0.0,0.2
186,DuliAs00,Ashton Dulin,24,WR,17,1,3,32,0,37,10.7,1.9,0,0.0,0.2
187,DuveDe00,Devin Duvernay,23,WR,16,3,4,70,0,42,17.5,4.4,0,0.0,0.2
188,DuveDe00,Devin Duvernay*+,24,WR,16,7,7,50,0,19,7.1,3.1,1,0.0,0.4
189,EdmoCh00,Chase Edmonds,22,RB,16,0,60,208,2,29,3.5,13.0,1,0.1,3.8
190,EdmoCh00,Chase Edmonds,23,RB,13,2,60,303,4,37,5.1,23.3,0,0.3,4.6
191,EdmoCh00,Chase Edmonds,24,RB,16,2,97,448,1,32,4.6,28.0,2,0.1,6.1
192,EdmoCh00,Chase Edmonds,25,RB,12,11,116,592,2,54,5.1,49.3,1,0.2,9.7
193,EdwaCl00,Clyde Edwards-Helaire,21,RB,13,13,181,803,4,31,4.4,61.8,0,0.3,13.9
194,EdwaCl00,Clyde Edwards-Helaire,22,RB,10,10,119,517,4,17,4.3,51.7,2,0.4,11.9
195,EdwaGu00,Gus Edwards,23,RB,11,6,137,718,2,43,5.2,65.3,0,0.2,12.5
196,EdwaGu00,Gus Edwards,24,RB,16,1,133,711,2,63,5.3,44.4,2,0.1,8.3
197,EdwaGu00,Gus Edwards,25,RB,16,6,144,723,6,36,5.0,45.2,1,0.4,9.0
198,EhliSa00,Sam Ehlinger,23,QB,3,0,3,9,0,9,3.0,3.0,0,0.0,1.0
199,EkelAu00,Austin Ekeler,22,RB,16,0,47,260,2,35,5.5,16.3,2,0.1,2.9
200,EkelAu00,Austin Ekeler,23,RB,14,3,106,554,3,41,5.2,39.6,1,0.2,7.6
201,EkelAu00,Austin Ekeler,24,RB,16,8,132,557,3,35,4.2,34.8,3,0.2,8.2
202,EkelAu00,Austin Ekeler,25,RB,10,10,116,530,1,27,4.6,53.0,1,0.1,11.6
203,EkelAu00,Austin Ekeler,26,RB,16,16,206,911,12,28,4.4,56.9,4,0.8,12.9
204,ElliEz00,Ezekiel Elliott*+,21,RB,15,15,322,1631,15,60,5.1,108.7,5,1.0,21.5
205,ElliEz00,Ezekiel Elliott,22,RB,10,10,242,983,7,30,4.1,98.3,1,0.7,24.2
206,ElliEz00,Ezekiel Elliott*,23,RB,15,15,304,1434,6,41,4.7,95.6,6,0.4,20.3
207,ElliEz00,Ezekiel Elliott*,24,RB,16,16,301,1357,12,33,4.5,84.8,3,0.8,18.8
208,ElliEz00,Ezekiel Elliott,25,RB,15,15,244,979,6,31,4.0,65.3,6,0.4,16.3
209,ElliEz00,Ezekiel Elliott,26,RB,17,17,237,1002,10,47,4.2,58.9,1,0.6,13.9
210,EngrEv00,Evan Engram,23,TE,15,11,1,14,0,14,14.0,0.9,0,0.0,0.1
211,EngrEv00,Evan Engram,24,TE,11,8,3,36,0,14,12.0,3.3,0,0.0,0.3
212,EngrEv00,Evan Engram,25,TE,8,6,3,7,0,5,2.3,0.9,0,0.0,0.4
213,EngrEv00,Evan Engram*,26,TE,16,14,6,26,1,9,4.3,1.6,1,0.1,0.4
214,EngrEv00,Evan Engram,27,TE,15,12,1,-3,0,-3,-3.0,-0.2,1,0.0,0.1
215,EskrDW00,D'Wayne Eskridge,24,WR,10,0,4,59,0,30,14.8,5.9,0,0.0,0.4
216,EvanDa02,Darrynton Evans,22,RB,5,0,14,54,0,9,3.9,10.8,0,0.0,2.8
217,EvanDa02,Darrynton Evans,23,RB,1,0,2,7,0,5,3.5,7.0,0,0.0,2.0
218,EverGe00,Gerald Everett,23,TE,16,2,1,13,0,13,13.0,0.8,1,0.0,0.1
219,EverGe00,Gerald Everett,24,TE,16,0,2,16,0,12,8.0,1.0,0,0.0,0.1
220,EverGe00,Gerald Everett,25,TE,13,2,1,0,0,0,0.0,0.0,0,0.0,0.1
221,EverGe00,Gerald Everett,26,TE,16,7,1,2,1,2,2.0,0.1,1,0.1,0.1
222,EverGe00,Gerald Everett,27,TE,15,12,3,20,0,13,6.7,1.3,2,0.0,0.2
223,FeltDe00,Demetric Felton,23,WR,16,2,7,24,0,12,3.4,1.5,4,0.0,0.4
224,FielJu00,Justin Fields,22,QB,12,10,72,420,2,23,5.8,35.0,12,0.2,6.0
225,FlacJo00,Joe Flacco,28,QB,16,16,27,131,1,22,4.9,8.2,8,0.1,1.7
226,FlacJo00,Joe Flacco,29,QB,16,16,39,70,2,15,1.8,4.4,5,0.1,2.4
227,FlacJo00,Joe Flacco,30,QB,10,10,13,23,3,16,1.8,2.3,5,0.3,1.3
228,FlacJo00,Joe Flacco,31,QB,16,16,21,58,2,16,2.8,3.6,5,0.1,1.3
229,FlacJo00,Joe Flacco,32,QB,16,16,25,54,1,25,2.2,3.4,6,0.1,1.6
230,FlacJo00,Joe Flacco,33,QB,9,9,19,45,0,13,2.4,5.0,3,0.0,2.1
231,FlacJo00,Joe Flacco,34,QB,8,8,12,20,0,9,1.7,2.5,8,0.0,1.5
232,FlacJo00,Joe Flacco,35,QB,5,4,6,22,0,9,3.7,4.4,1,0.0,1.2
233,FlacJo00,Joe Flacco,36,QB,2,1,2,3,0,2,1.5,1.5,1,0.0,1.0
234,ForeDO00,D'Onta Foreman,21,RB,10,1,78,327,2,39,4.2,32.7,2,0.2,7.8
235,ForeDO00,D'Onta Foreman,22,RB,1,0,7,-1,0,2,-0.1,-1.0,1,0.0,7.0
236,ForeDO00,D'Onta Foreman,24,RB,6,0,22,95,0,15,4.3,15.8,0,0.0,3.7
237,ForeDO00,D'Onta Foreman,25,RB,9,3,133,566,3,35,4.3,62.9,2,0.3,14.8
238,FourLe00,Leonard Fournette,22,RB,13,13,268,1040,9,90,3.9,80.0,2,0.7,20.6
239,FourLe00,Leonard Fournette,23,RB,8,8,133,439,5,25,3.3,54.9,0,0.6,16.6
240,FourLe00,Leonard Fournette,24,RB,15,15,265,1152,3,81,4.3,76.8,1,0.2,17.7
241,FourLe00,Leonard Fournette,25,RB,13,3,97,367,6,46,3.8,28.2,0,0.5,7.5
242,FourLe00,Leonard Fournette,26,RB,14,13,180,812,8,47,4.5,58.0,1,0.6,12.9
243,GainKe00,Kenneth Gainwell,22,RB,16,1,68,291,5,18,4.3,18.2,2,0.3,4.2
244,GaroJi00,Jimmy Garoppolo,23,QB,6,0,10,9,0,9,0.9,1.5,0,0.0,1.7
245,GaroJi00,Jimmy Garoppolo,24,QB,5,0,5,-5,0,-1,-1.0,-1.0,0,0.0,1.0
246,GaroJi00,Jimmy Garoppolo,25,QB,6,2,10,6,0,10,0.6,1.0,2,0.0,1.7
247,GaroJi00,Jimmy Garoppolo,26,QB,6,5,15,11,1,8,0.7,1.8,1,0.2,2.5
248,GaroJi00,Jimmy Garoppolo,27,QB,3,3,8,33,0,13,4.1,11.0,4,0.0,2.7
249,GaroJi00,Jimmy Garoppolo,28,QB,16,16,46,62,1,11,1.3,3.9,10,0.1,2.9
250,GaroJi00,Jimmy Garoppolo,29,QB,6,6,10,25,0,9,2.5,4.2,2,0.0,1.7
251,GaroJi00,Jimmy Garoppolo,30,QB,15,15,38,51,3,7,1.3,3.4,8,0.2,2.5
252,GaskMy00,Myles Gaskin,22,RB,7,0,36,133,1,27,3.7,19.0,0,0.1,5.1
253,GaskMy00,Myles Gaskin,23,RB,10,7,142,584,3,26,4.1,58.4,2,0.3,14.2
254,GaskMy00,Myles Gaskin,24,RB,17,10,173,612,3,30,3.5,36.0,2,0.2,10.2
255,GibsAn00,Antonio Gibson,22,RB,14,10,170,795,11,40,4.7,56.8,1,0.8,12.1
256,GibsAn00,Antonio Gibson,23,RB,16,14,258,1037,7,27,4.0,64.8,6,0.4,16.1
257,GodwCh00,Chris Godwin*,23,WR,14,14,1,8,0,8,8.0,0.6,0,0.0,0.1
258,GodwCh00,Chris Godwin,25,WR,14,14,4,21,1,9,5.3,1.5,2,0.1,0.3
259,GoffJa00,Jared Goff,22,QB,7,7,8,16,1,6,2.0,2.3,5,0.1,1.1
260,GoffJa00,Jared Goff*,23,QB,15,15,28,51,1,22,1.8,3.4,8,0.1,1.9
261,GoffJa00,Jared Goff*,24,QB,16,16,43,108,2,16,2.5,6.8,12,0.1,2.7
262,GoffJa00,Jared Goff,25,QB,16,16,33,40,2,8,1.2,2.5,10,0.1,2.1
263,GoffJa00,Jared Goff,26,QB,15,15,51,99,4,10,1.9,6.6,7,0.3,3.4
264,GoffJa00,Jared Goff,27,QB,14,14,17,87,0,26,5.1,6.2,9,0.0,1.2
265,GoodMa00,Marquise Goodwin,23,WR,12,1,3,13,0,17,4.3,1.1,1,0.0,0.2
266,GoodMa00,Marquise Goodwin,24,WR,10,0,3,8,0,12,2.7,0.8,1,0.0,0.3
267,GoodMa00,Marquise Goodwin,27,WR,16,16,4,44,0,18,11.0,2.8,0,0.0,0.2
268,GoodMa00,Marquise Goodwin,28,WR,11,8,4,9,0,5,2.3,0.8,1,0.0,0.4
269,GoodMa00,Marquise Goodwin,29,WR,9,6,1,15,0,15,15.0,1.7,0,0.0,0.1
270,GoodMa00,Marquise Goodwin,31,WR,14,2,2,-1,0,1,-0.5,-0.1,1,0.0,0.1
271,GordMe00,Melvin Gordon,22,RB,14,12,184,641,0,27,3.5,45.8,6,0.0,13.1
272,GordMe00,Melvin Gordon*,23,RB,13,11,254,997,10,48,3.9,76.7,2,0.8,19.5
273,GordMe00,Melvin Gordon,24,RB,16,16,284,1105,8,87,3.9,69.1,1,0.5,17.8
274,GordMe00,Melvin Gordon*,25,RB,12,12,175,885,10,34,5.1,73.8,1,0.8,14.6
275,GordMe00,Melvin Gordon,26,RB,12,11,162,612,8,24,3.8,51.0,4,0.7,13.5
276,GordMe00,Melvin Gordon,27,RB,15,10,215,986,9,65,4.6,65.7,4,0.6,14.3
277,GordMe00,Melvin Gordon,28,RB,16,16,203,918,8,70,4.5,57.4,3,0.5,12.7
278,HamlKJ00,KJ Hamler,21,WR,13,4,9,40,0,15,4.4,3.1,2,0.0,0.7
279,HardMe00,Mecole Hardman*,21,WR,16,5,4,17,0,9,4.3,1.1,2,0.0,0.2
280,HardMe00,Mecole Hardman,22,WR,16,8,4,31,0,20,7.8,1.9,2,0.0,0.2
281,HardMe00,Mecole Hardman,23,WR,17,8,8,46,0,24,5.8,2.7,3,0.0,0.5
282,HarrDa06,Damien Harris,22,RB,2,0,4,12,0,13,3.0,6.0,0,0.0,2.0
283,HarrDa06,Damien Harris,23,RB,10,10,137,691,2,41,5.0,69.1,1,0.2,13.7
284,HarrDa06,Damien Harris,24,RB,15,15,202,929,15,64,4.6,61.9,2,1.0,13.5
285,HarrNa00,Najee Harris*,23,RB,17,17,307,1200,7,37,3.9,70.6,0,0.4,18.1
286,HastJa02,Jamycal Hasty,24,RB,8,0,39,148,1,20,3.8,18.5,1,0.1,4.9
287,HastJa02,Jamycal Hasty,25,RB,11,0,16,68,1,21,4.3,6.2,2,0.1,1.5
288,HeinTa00,Taylor Heinicke,24,QB,1,0,1,2,0,2,2.0,2.0,0,0.0,1.0
289,HeinTa00,Taylor Heinicke,25,QB,6,1,5,31,0,19,6.2,5.2,1,0.0,0.8
290,HeinTa00,Taylor Heinicke,27,QB,1,0,3,22,0,12,7.3,22.0,0,0.0,3.0
291,HeinTa00,Taylor Heinicke,28,QB,16,15,60,313,1,38,5.2,19.6,7,0.1,3.8
292,HendDa00,Darrell Henderson,22,RB,13,0,39,147,0,22,3.8,11.3,0,0.0,3.0
293,HendDa00,Darrell Henderson,23,RB,15,11,138,624,5,40,4.5,41.6,0,0.3,9.2
294,HendDa00,Darrell Henderson,24,RB,12,10,149,688,5,29,4.6,57.3,0,0.4,12.4
295,HennCh01,Chad Henne,28,QB,15,13,27,77,0,14,2.9,5.1,2,0.0,1.8
296,HennCh01,Chad Henne,29,QB,3,3,4,25,0,12,6.3,8.3,1,0.0,1.3
297,HennCh01,Chad Henne,31,QB,1,0,1,-2,0,-2,-2.0,-2.0,0,0.0,1.0
298,HennCh01,Chad Henne,32,QB,2,0,5,-5,0,-1,-1.0,-2.5,0,0.0,2.5
299,HennCh01,Chad Henne,33,QB,1,0,1,3,0,3,3.0,3.0,0,0.0,1.0
300,HennCh01,Chad Henne,35,QB,3,1,7,-2,1,1,-0.3,-0.7,2,0.3,2.3
301,HennCh01,Chad Henne,36,QB,4,0,8,0,0,4,0.0,0.0,2,0.0,2.0
302,HenrDe00,Derrick Henry,22,RB,15,2,110,490,5,22,4.5,32.7,0,0.3,7.3
303,HenrDe00,Derrick Henry,23,RB,16,2,176,744,5,75,4.2,46.5,1,0.3,11.0
304,HenrDe00,Derrick Henry,24,RB,16,12,215,1059,12,99,4.9,66.2,1,0.8,13.4
305,HenrDe00,Derrick Henry *,25,RB,15,15,303,1540,16,74,5.1,102.7,5,1.1,20.2
306,HenrDe00,Derrick Henry *+,26,RB,16,16,378,2027,17,94,5.4,126.7,3,1.1,23.6
307,HenrDe00,Derrick Henry,27,RB,8,8,219,937,10,76,4.3,117.1,1,1.2,27.4
308,HerbJu00,Justin Herbert,22,QB,15,15,55,234,5,31,4.3,15.6,8,0.3,3.7
309,HerbJu00,Justin Herbert*,23,QB,17,17,63,302,3,36,4.8,17.8,1,0.2,3.7
310,HerbKh00,Khalil Herbert,23,RB,17,2,103,433,2,29,4.2,25.5,1,0.1,6.1
311,HillDo00,Dontrell Hilliard,24,RB,14,0,13,49,2,11,3.8,3.5,2,0.1,0.9
312,HillDo00,Dontrell Hilliard,25,RB,7,0,9,48,0,19,5.3,6.9,0,0.0,1.3
313,HillDo00,Dontrell Hilliard,26,RB,8,5,56,350,2,68,6.3,43.8,2,0.2,7.0
314,HillJu00,Justice Hill,22,RB,16,0,58,225,2,18,3.9,14.1,0,0.1,3.6
315,HillJu00,Justice Hill,23,RB,12,0,12,60,0,19,5.0,5.0,0,0.0,1.0
316,HillKy00,Kylin Hill,23,RB,8,0,10,24,0,8,2.4,3.0,0,0.0,1.2
317,HillTa00,Taysom Hill,28,QB,16,4,37,196,2,35,5.3,12.3,1,0.1,2.3
318,HillTa00,Taysom Hill,29,WR,16,5,27,156,1,30,5.8,9.8,0,0.1,1.7
319,HillTa00,Taysom Hill,31,QB,12,9,70,374,5,44,5.3,31.2,2,0.4,5.8
320,HillTy00,Tyreek Hill*+,22,WR,16,1,24,267,3,70,11.1,16.7,4,0.2,1.5
321,HillTy00,Tyreek Hill*,23,WR,15,13,17,59,0,16,3.5,3.9,2,0.0,1.1
322,HillTy00,Tyreek Hill*+,24,WR,16,16,22,151,1,33,6.9,9.4,0,0.1,1.4
323,HillTy00,Tyreek Hill*,25,WR,12,12,8,23,0,5,2.9,1.9,0,0.0,0.7
324,HillTy00,Tyreek Hill*+,26,WR,15,15,13,123,2,32,9.5,8.2,1,0.1,0.9
325,HillTy00,Tyreek Hill*,27,WR,17,16,9,96,0,33,10.7,5.6,2,0.0,0.5
326,HineNy00,Nyheim Hines,22,RB,16,4,85,314,2,18,3.7,19.6,1,0.1,5.3
327,HineNy00,Nyheim Hines,23,RB,16,2,52,199,2,18,3.8,12.4,1,0.1,3.2
328,HineNy00,Nyheim Hines,24,RB,16,2,89,380,3,31,4.3,23.8,0,0.2,5.6
329,HineNy00,Nyheim Hines,25,RB,17,4,56,276,2,34,4.9,16.2,3,0.1,3.3
330,HintKe00,Kendall Hinton,23,WR,1,0,2,7,0,5,3.5,7.0,0,0.0,2.0
331,HomeTr00,Travis Homer,21,RB,16,1,18,114,0,29,6.3,7.1,0,0.0,1.1
332,HomeTr00,Travis Homer,22,RB,9,0,25,88,0,12,3.5,9.8,0,0.0,2.8
333,HomeTr00,Travis Homer,23,RB,14,0,21,177,1,73,8.4,12.6,0,0.1,1.5
334,HowaJo00,Jordan Howard*,22,RB,15,13,252,1313,6,69,5.2,87.5,2,0.4,16.8
335,HowaJo00,Jordan Howard,23,RB,16,16,276,1122,9,53,4.1,70.1,1,0.6,17.2
336,HowaJo00,Jordan Howard,24,RB,16,15,250,935,9,42,3.7,58.4,2,0.6,15.6
337,HowaJo00,Jordan Howard,25,RB,10,4,119,525,6,20,4.4,52.5,0,0.6,11.9
338,HowaJo00,Jordan Howard,26,RB,7,4,35,60,4,11,1.7,8.6,1,0.6,5.0
339,HowaJo00,Jordan Howard,27,RB,7,0,86,406,3,25,4.7,58.0,0,0.4,12.3
340,HubbCh01,Chuba Hubbard,22,RB,17,10,172,612,5,26,3.6,36.0,1,0.3,10.1
341,HuntKa00,Kareem Hunt*,22,RB,16,16,272,1327,8,69,4.9,82.9,1,0.5,17.0
342,HuntKa00,Kareem Hunt,23,RB,11,11,181,824,7,45,4.6,74.9,0,0.6,16.5
343,HuntKa00,Kareem Hunt,24,RB,8,3,43,179,2,16,4.2,22.4,1,0.2,5.4
344,HuntKa00,Kareem Hunt,25,RB,16,5,198,841,6,33,4.2,52.6,2,0.4,12.4
345,HuntKa00,Kareem Hunt,26,RB,8,1,78,386,5,33,4.9,48.3,0,0.6,9.8
346,HurtJa00,Jalen Hurts,22,QB,15,4,63,354,3,24,5.6,23.6,9,0.2,4.2
347,HurtJa00,Jalen Hurts,23,QB,15,15,139,784,10,31,5.6,52.3,9,0.7,9.3
348,IngrMa01,Mark Ingram,24,RB,11,3,78,386,1,34,4.9,35.1,0,0.1,7.1
349,IngrMa01,Mark Ingram*,25,RB,13,9,226,964,9,31,4.3,74.2,3,0.7,17.4
350,IngrMa01,Mark Ingram,26,RB,12,10,166,769,6,70,4.6,64.1,2,0.5,13.8
351,IngrMa01,Mark Ingram,27,RB,16,14,205,1043,6,75,5.1,65.2,2,0.4,12.8
352,IngrMa01,Mark Ingram*,28,RB,16,12,230,1124,12,72,4.9,70.3,3,0.8,14.4
353,IngrMa01,Mark Ingram,29,RB,12,6,138,645,6,38,4.7,53.8,3,0.5,11.5
354,IngrMa01,Mark Ingram*,30,RB,15,15,202,1018,10,53,5.0,67.9,2,0.7,13.5
355,IngrMa01,Mark Ingram,31,RB,11,9,72,299,2,30,4.2,27.2,0,0.2,6.5
356,IngrMa01,Mark Ingram,32,RB,14,10,160,554,2,28,3.5,39.6,1,0.1,11.4
357,JackDe02,Deon Jackson,22,RB,9,0,13,31,1,10,2.4,3.4,0,0.1,1.4
358,JackJu01,Justin Jackson,22,RB,13,1,50,206,2,20,4.1,15.8,0,0.2,3.8
359,JackJu01,Justin Jackson,23,RB,7,0,29,200,0,40,6.9,28.6,0,0.0,4.1
360,JackJu01,Justin Jackson,24,RB,9,4,59,270,0,36,4.6,30.0,0,0.0,6.6
361,JackJu01,Justin Jackson,25,RB,14,2,68,364,2,75,5.4,26.0,1,0.1,4.9
362,JackLa00,Lamar Jackson,21,QB,16,7,147,695,5,39,4.7,43.4,12,0.3,9.2
363,JackLa00,Lamar Jackson*+,22,QB,15,15,176,1206,7,47,6.9,80.4,9,0.5,11.7
364,JackLa00,Lamar Jackson,23,QB,15,15,159,1005,7,50,6.3,67.0,10,0.5,10.6
365,JackLa00,Lamar Jackson*,24,QB,12,12,133,767,2,31,5.8,63.9,6,0.2,11.1
366,JacoJo01,Josh Jacobs,21,RB,13,13,242,1150,7,51,4.8,88.5,1,0.5,18.6
367,JacoJo01,Josh Jacobs*,22,RB,15,15,273,1065,12,28,3.9,71.0,2,0.8,18.2
368,JacoJo01,Josh Jacobs,23,RB,15,14,217,872,9,28,4.0,58.1,2,0.6,14.5
369,JameRi00,Richie James,24,WR,16,1,2,-1,0,0,-0.5,-0.1,1,0.0,0.1
370,JeffJu00,Justin Jefferson*,21,WR,16,14,1,2,0,2,2.0,0.1,1,0.0,0.1
371,JeffJu00,Justin Jefferson*,22,WR,17,17,6,14,0,11,2.3,0.8,1,0.0,0.4
372,JeudJe00,Jerry Jeudy,22,WR,10,5,2,3,0,3,1.5,0.3,1,0.0,0.2
373,JohnDE04,D'Ernest Johnson,23,RB,16,0,4,21,0,13,5.3,1.3,0,0.0,0.2
374,JohnDE04,D'Ernest Johnson,24,RB,16,0,33,166,0,28,5.0,10.4,1,0.0,2.1
375,JohnDE04,D'Ernest Johnson,25,RB,17,2,100,534,3,30,5.3,31.4,1,0.2,5.9
376,JohnDa08,David Johnson,24,RB,16,5,125,581,8,47,4.6,36.3,4,0.5,7.8
377,JohnDa08,David Johnson*+,25,RB,16,16,293,1239,16,58,4.2,77.4,5,1.0,18.3
378,JohnDa08,David Johnson,26,RB,1,1,11,23,0,6,2.1,23.0,2,0.0,11.0
379,JohnDa08,David Johnson,27,RB,16,16,258,940,7,53,3.6,58.8,3,0.4,16.1
380,JohnDa08,David Johnson,28,RB,13,9,94,345,2,18,3.7,26.5,1,0.2,7.2
381,JohnDa08,David Johnson,29,RB,12,12,147,691,6,48,4.7,57.6,2,0.5,12.2
382,JohnDa08,David Johnson,30,RB,13,4,67,228,0,15,3.4,17.5,1,0.0,5.2
383,JohnDi01,Diontae Johnson,23,WR,16,12,4,41,0,17,10.3,2.6,5,0.0,0.2
384,JohnDi01,Diontae Johnson,24,WR,15,13,3,15,0,9,5.0,1.0,2,0.0,0.2
385,JohnDi01,Diontae Johnson*,25,WR,16,14,5,53,0,25,10.6,3.3,2,0.0,0.3
386,JohnDu00,Duke Johnson,22,RB,16,7,104,379,0,39,3.6,23.7,1,0.0,6.5
387,JohnDu00,Duke Johnson,23,RB,16,1,73,358,1,22,4.9,22.4,2,0.1,4.6
388,JohnDu00,Duke Johnson,24,RB,16,0,82,348,4,19,4.2,21.8,4,0.2,5.1
389,JohnDu00,Duke Johnson,25,RB,16,2,40,201,0,23,5.0,12.6,1,0.0,2.5
390,JohnDu00,Duke Johnson,26,RB,16,2,83,410,2,40,4.9,25.6,1,0.1,5.2
391,JohnDu00,Duke Johnson,27,RB,11,5,77,235,1,23,3.1,21.4,3,0.1,7.0
392,JohnDu00,Duke Johnson,28,RB,5,4,71,330,3,27,4.6,66.0,0,0.6,14.2
393,JohnTy02,Ty Johnson,22,RB,16,1,63,273,0,40,4.3,17.1,1,0.0,3.9
394,JohnTy02,Ty Johnson,23,RB,13,1,54,254,1,34,4.7,19.5,0,0.1,4.2
395,JohnTy02,Ty Johnson,24,RB,16,3,61,238,2,24,3.9,14.9,2,0.1,3.8
396,JoneAa00,Aaron Jones,23,RB,12,4,81,448,4,46,5.5,37.3,0,0.3,6.8
397,JoneAa00,Aaron Jones,24,RB,12,8,133,728,8,67,5.5,60.7,1,0.7,11.1
398,JoneAa00,Aaron Jones,25,RB,16,16,236,1084,16,56,4.6,67.8,3,1.0,14.8
399,JoneAa00,Aaron Jones*,26,RB,14,14,201,1104,9,77,5.5,78.9,2,0.6,14.4
400,JoneAa00,Aaron Jones,27,RB,15,15,171,799,4,57,4.7,53.3,2,0.3,11.4
401,JoneDa05,Daniel Jones,22,QB,13,12,45,279,2,26,6.2,21.5,19,0.2,3.5
402,JoneDa05,Daniel Jones,23,QB,14,14,65,423,1,80,6.5,30.2,10,0.1,4.6
403,JoneDa05,Daniel Jones,24,QB,11,11,62,298,2,46,4.8,27.1,7,0.2,5.6
404,JoneJu02,Julio Jones,24,WR,5,5,1,7,0,7,7.0,1.4,2,0.0,0.2
405,JoneJu02,Julio Jones*,25,WR,15,15,1,1,0,1,1.0,0.1,2,0.0,0.1
406,JoneJu02,Julio Jones*,28,WR,16,16,1,15,0,15,15.0,0.9,0,0.0,0.1
407,JoneJu02,Julio Jones*,29,WR,16,16,2,12,0,11,6.0,0.8,2,0.0,0.1
408,JoneJu02,Julio Jones*,30,WR,15,15,2,-3,0,1,-1.5,-0.2,1,0.0,0.1
409,JoneMa05,Mac Jones*,23,QB,17,17,44,129,0,13,2.9,7.6,7,0.0,2.6
410,JoneRo01,Ronald Jones II,21,RB,9,0,23,44,1,9,1.9,4.9,0,0.1,2.6
411,JoneRo01,Ronald Jones II,22,RB,16,9,172,724,6,49,4.2,45.3,3,0.4,10.8
412,JoneRo01,Ronald Jones II,23,RB,14,13,192,978,7,98,5.1,69.9,2,0.5,13.7
413,JoneRo01,Ronald Jones II,24,RB,16,3,101,428,4,30,4.2,26.8,2,0.2,6.3
414,JoneTo04,Tony Jones,23,RB,1,1,3,13,0,6,4.3,13.0,0,0.0,3.0
415,JoneTo04,Tony Jones,24,RB,11,4,54,142,0,11,2.6,12.9,0,0.0,4.9
416,JoneZa00,Zay Jones,23,WR,16,15,1,0,0,0,0.0,0.0,1,0.0,0.1
417,JoneZa00,Zay Jones,24,WR,15,9,1,3,0,3,3.0,0.2,0,0.0,0.1
418,JoneZa00,Zay Jones,26,WR,17,9,2,3,0,4,1.5,0.2,1,0.0,0.1
419,KamaAl00,Alvin Kamara*,22,RB,16,3,120,728,8,74,6.1,45.5,1,0.5,7.5
420,KamaAl00,Alvin Kamara*,23,RB,15,13,194,883,14,49,4.6,58.9,1,0.9,12.9
421,KamaAl00,Alvin Kamara*,24,RB,14,9,171,797,5,40,4.7,56.9,4,0.4,12.2
422,KamaAl00,Alvin Kamara*,25,RB,15,10,187,932,16,49,5.0,62.1,1,1.1,12.5
423,KamaAl00,Alvin Kamara*,26,RB,13,10,240,898,4,30,3.7,69.1,0,0.3,18.5
424,KeenCa00,Case Keenum,25,QB,8,8,14,72,1,22,5.1,9.0,6,0.1,1.8
425,KeenCa00,Case Keenum,26,QB,2,2,10,35,0,13,3.5,17.5,1,0.0,5.0
426,KeenCa00,Case Keenum,27,QB,6,5,12,5,0,4,0.4,0.8,3,0.0,2.0
427,KeenCa00,Case Keenum,28,QB,10,9,20,51,1,13,2.6,5.1,5,0.1,2.0
428,KeenCa00,Case Keenum,29,QB,15,14,40,160,1,22,4.0,10.7,1,0.1,2.7
429,KeenCa00,Case Keenum,30,QB,16,16,26,93,2,17,3.6,5.8,11,0.1,1.6
430,KeenCa00,Case Keenum,31,QB,10,8,9,12,1,9,1.3,1.2,6,0.1,0.9
431,KeenCa00,Case Keenum,33,QB,7,2,12,22,0,10,1.8,3.1,1,0.0,1.7
432,KelcTr00,Travis Kelce*+,27,TE,16,15,1,-5,0,-5,-5.0,-0.3,0,0.0,0.1
433,KelcTr00,Travis Kelce*,28,TE,15,15,2,7,0,4,3.5,0.5,0,0.0,0.1
434,KelcTr00,Travis Kelce*,30,TE,16,16,1,4,1,4,4.0,0.3,1,0.1,0.1
435,KelcTr00,Travis Kelce*,32,TE,16,16,2,3,1,4,1.5,0.2,1,0.1,0.1
436,KellJo01,Joshua Kelley,23,RB,14,0,111,354,2,33,3.2,25.3,2,0.1,7.9
437,KellJo01,Joshua Kelley,24,RB,10,0,33,102,0,14,3.1,10.2,1,0.0,3.3
438,KirkCh01,Christian Kirk,22,WR,12,7,3,35,0,23,11.7,2.9,0,0.0,0.2
439,KirkCh01,Christian Kirk,23,WR,13,13,10,93,0,28,9.3,7.2,0,0.0,0.8
440,KirkCh01,Christian Kirk,24,WR,14,10,2,3,0,3,1.5,0.2,1,0.0,0.1
441,KirkCh01,Christian Kirk,25,WR,17,11,1,11,0,11,11.0,0.6,0,0.0,0.1
442,KmetCo00,Cole Kmet,21,TE,16,9,1,-3,0,-3,-3.0,-0.2,1,0.0,0.1
443,KmetCo00,Cole Kmet,22,TE,17,17,1,0,0,0,0.0,0.0,0,0.0,0.1
444,KuppCo00,Cooper Kupp,25,WR,8,8,4,25,0,12,6.3,3.1,0,0.0,0.5
445,KuppCo00,Cooper Kupp,26,WR,16,14,2,4,0,6,2.0,0.3,3,0.0,0.1
446,KuppCo00,Cooper Kupp,27,WR,15,12,4,33,0,16,8.3,2.2,1,0.0,0.3
447,KuppCo00,Cooper Kupp*+,28,WR,17,17,4,18,0,18,4.5,1.1,0,0.0,0.2
448,LambCe00,CeeDee Lamb,21,WR,16,14,10,82,1,19,8.2,5.1,2,0.1,0.6
449,LambCe00,CeeDee Lamb*,22,WR,16,13,9,76,0,33,8.4,4.8,0,0.0,0.6
450,LancTr00,Trey Lance,21,QB,6,2,38,168,1,15,4.4,28.0,0,0.2,6.3
451,LawrTr00,Trevor Lawrence,22,QB,17,17,73,334,2,26,4.6,19.6,9,0.1,4.3
452,LindPh00,Phillip Lindsay*,24,RB,15,8,192,1037,9,65,5.4,69.1,0,0.6,12.8
453,LindPh00,Phillip Lindsay,25,RB,16,16,224,1011,7,40,4.5,63.2,0,0.4,14.0
454,LindPh00,Phillip Lindsay,26,RB,11,8,118,502,1,55,4.3,45.6,0,0.1,10.7
455,LindPh00,Phillip Lindsay,27,RB,14,1,88,249,1,35,2.8,17.8,0,0.1,6.3
456,MahoPa00,Patrick Mahomes,22,QB,1,1,7,10,0,5,1.4,10.0,0,0.0,7.0
457,MahoPa00,Patrick Mahomes*+,23,QB,16,16,60,272,2,28,4.5,17.0,9,0.1,3.8
458,MahoPa00,Patrick Mahomes*,24,QB,14,14,43,218,2,25,5.1,15.6,3,0.1,3.1
459,MahoPa00,Patrick Mahomes*,25,QB,15,15,62,308,2,24,5.0,20.5,5,0.1,4.1
460,MahoPa00,Patrick Mahomes*,26,QB,17,17,66,381,2,32,5.8,22.4,9,0.1,3.9
461,MariMa01,Marcus Mariota,22,QB,12,12,34,252,2,87,7.4,21.0,10,0.2,2.8
462,MariMa01,Marcus Mariota,23,QB,15,15,60,349,2,41,5.8,23.3,10,0.1,4.0
463,MariMa01,Marcus Mariota,24,QB,15,15,60,312,5,34,5.2,20.8,2,0.3,4.0
464,MariMa01,Marcus Mariota,25,QB,14,13,64,357,2,27,5.6,25.5,9,0.1,4.6
465,MariMa01,Marcus Mariota,26,QB,7,6,24,129,0,15,5.4,18.4,3,0.0,3.4
466,MariMa01,Marcus Mariota,27,QB,1,0,9,88,1,26,9.8,88.0,0,1.0,9.0
467,MariMa01,Marcus Mariota,28,QB,10,0,13,87,1,31,6.7,8.7,1,0.1,1.3
468,MattAl01,Alexander Mattison,21,RB,13,0,100,462,1,35,4.6,35.5,1,0.1,7.7
469,MattAl01,Alexander Mattison,22,RB,13,2,96,434,2,25,4.5,33.4,0,0.2,7.4
470,MattAl01,Alexander Mattison,23,RB,16,4,134,491,3,48,3.7,30.7,1,0.2,8.4
471,MayfBa00,Baker Mayfield,23,QB,14,13,39,131,0,35,3.4,9.4,7,0.0,2.8
472,MayfBa00,Baker Mayfield,24,QB,16,16,28,141,3,18,5.0,8.8,6,0.2,1.8
473,MayfBa00,Baker Mayfield,25,QB,16,16,54,165,1,28,3.1,10.3,8,0.1,3.4
474,MayfBa00,Baker Mayfield,26,QB,14,14,37,134,1,14,3.6,9.6,6,0.1,2.6
475,McCaCh01,Christian McCaffrey,21,RB,16,10,117,435,2,40,3.7,27.2,2,0.1,7.3
476,McCaCh01,Christian McCaffrey,22,RB,16,16,219,1098,7,59,5.0,68.6,4,0.4,13.7
477,McCaCh01,Christian McCaffrey*+,23,RB,16,16,287,1387,15,84,4.8,86.7,1,0.9,17.9
478,McCaCh01,Christian McCaffrey,24,RB,3,3,59,225,5,15,3.8,75.0,0,1.7,19.7
479,McCaCh01,Christian McCaffrey,25,RB,7,7,99,442,1,18,4.5,63.1,1,0.1,14.1
480,McCoCo00,Colt McCoy,27,QB,4,0,6,-6,0,-1,-1.0,-1.5,0,0.0,1.5
481,McCoCo00,Colt McCoy,28,QB,5,4,16,66,1,20,4.1,13.2,6,0.2,3.2
482,McCoCo00,Colt McCoy,29,QB,2,0,3,-3,0,-1,-1.0,-1.5,1,0.0,1.5
483,McCoCo00,Colt McCoy,32,QB,3,2,10,63,0,15,6.3,21.0,1,0.0,3.3
484,McCoCo00,Colt McCoy,33,QB,1,1,2,14,0,9,7.0,14.0,2,0.0,2.0
485,McCoCo00,Colt McCoy,34,QB,4,2,9,12,0,4,1.3,3.0,1,0.0,2.2
486,McCoCo00,Colt McCoy,35,QB,8,3,22,37,0,11,1.7,4.6,4,0.0,2.8
487,McFaAn00,Anthony McFarland Jr.,21,RB,11,0,33,113,0,20,3.4,10.3,0,0.0,3.0
488,McFaAn00,Anthony McFarland Jr.,22,RB,2,0,3,3,0,3,1.0,1.5,0,0.0,1.5
489,McKeIs00,Isaiah McKenzie,22,WR,11,0,1,4,0,4,4.0,0.4,6,0.0,0.1
490,McKeIs00,Isaiah McKenzie,23,WR,8,1,10,66,2,15,6.6,8.3,2,0.2,1.2
491,McKeIs00,Isaiah McKenzie,24,WR,15,8,8,49,0,16,6.1,3.3,0,0.0,0.5
492,McKeIs00,Isaiah McKenzie,25,WR,16,7,10,9,0,14,0.9,0.6,0,0.0,0.6
493,McKeIs00,Isaiah McKenzie,26,WR,15,2,9,47,1,10,5.2,3.1,2,0.1,0.6
494,McKiJ.00,J.D. McKissic,23,WR,1,0,1,2,0,2,2.0,2.0,0,0.0,1.0
495,McKiJ.00,J.D. McKissic,24,WR,13,1,46,187,1,30,4.1,14.4,0,0.1,3.5
496,McKiJ.00,J.D. McKissic,25,WR,5,0,3,8,0,6,2.7,1.6,0,0.0,0.6
497,McKiJ.00,J.D. McKissic,26,WR,16,3,38,205,0,44,5.4,12.8,0,0.0,2.4
498,McKiJ.00,J.D. McKissic,27,RB,16,7,85,365,1,17,4.3,22.8,3,0.1,5.3
499,McKiJ.00,J.D. McKissic,28,WR,11,3,48,212,2,15,4.4,19.3,0,0.2,4.4
500,McKiJe00,Jerick McKinnon,22,RB,11,6,113,538,0,55,4.8,48.9,0,0.0,10.3
501,McKiJe00,Jerick McKinnon,23,RB,16,0,52,271,2,68,5.2,16.9,0,0.1,3.2
502,McKiJe00,Jerick McKinnon,24,RB,15,7,159,539,2,36,3.4,35.9,0,0.1,10.6
503,McKiJe00,Jerick McKinnon,25,RB,16,1,150,570,3,58,3.8,35.6,3,0.2,9.4
504,McKiJe00,Jerick McKinnon,28,RB,16,4,81,319,5,55,3.9,19.9,0,0.3,5.1
505,McKiJe00,Jerick McKinnon,29,RB,13,0,12,62,0,18,5.2,4.8,0,0.0,0.9
506,McLaTe00,Terry McLaurin,25,WR,15,15,2,30,0,27,15.0,2.0,1,0.0,0.1
507,McLaTe00,Terry McLaurin,26,WR,17,17,1,12,0,12,12.0,0.7,0,0.0,0.1
508,McSoTr00,Trace McSorley,24,QB,1,0,1,1,0,1,1.0,1.0,0,0.0,1.0
509,McSoTr00,Trace McSorley,25,QB,2,0,5,17,0,9,3.4,8.5,0,0.0,2.5
510,MeyeJa01,Jakobi Meyers,24,WR,14,9,2,9,0,7,4.5,0.6,1,0.0,0.1
511,MeyeJa01,Jakobi Meyers,25,WR,17,16,1,9,0,9,9.0,0.5,1,0.0,0.1
512,MichSo00,Sony Michel,23,RB,13,8,209,931,6,34,4.5,71.6,1,0.5,16.1
513,MichSo00,Sony Michel,24,RB,16,14,247,912,7,26,3.7,57.0,2,0.4,15.4
514,MichSo00,Sony Michel,25,RB,9,6,79,449,1,48,5.7,49.9,0,0.1,8.8
515,MichSo00,Sony Michel,26,RB,17,7,208,845,4,39,4.1,49.7,1,0.2,12.2
516,MillDa02,Davis Mills,23,QB,13,11,18,44,0,11,2.4,3.4,5,0.0,1.4
517,MillSc01,Scott Miller,22,WR,10,2,2,16,0,18,8.0,1.6,0,0.0,0.2
518,MillSc01,Scott Miller,23,WR,16,5,3,14,0,7,4.7,0.9,0,0.0,0.2
519,MillSc01,Scott Miller,24,WR,9,0,2,43,1,33,21.5,4.8,0,0.1,0.2
520,MinsGa00,Gardner Minshew II,23,QB,14,12,67,344,0,21,5.1,24.6,12,0.0,4.8
521,MinsGa00,Gardner Minshew II,24,QB,9,8,29,153,1,16,5.3,17.0,5,0.1,3.2
522,MinsGa00,Gardner Minshew II,25,QB,4,2,9,21,0,9,2.3,5.3,1,0.0,2.2
523,MitcEl00,Elijah Mitchell,23,RB,11,10,207,963,5,39,4.7,87.5,0,0.5,18.8
524,MixoJo00,Joe Mixon,21,RB,14,7,178,626,4,25,3.5,44.7,3,0.3,12.7
525,MixoJo00,Joe Mixon,22,RB,14,13,237,1168,8,51,4.9,83.4,0,0.6,16.9
526,MixoJo00,Joe Mixon,23,RB,16,15,278,1137,5,41,4.1,71.1,0,0.3,17.4
527,MixoJo00,Joe Mixon,24,RB,6,6,119,428,3,34,3.6,71.3,1,0.5,19.8
528,MixoJo00,Joe Mixon*,25,RB,16,16,292,1205,13,32,4.1,75.3,2,0.8,18.2
529,MontDa01,David Montgomery,22,RB,16,8,242,889,6,55,3.7,55.6,2,0.4,15.1
530,MontDa01,David Montgomery,23,RB,15,14,247,1070,8,80,4.3,71.3,1,0.5,16.5
531,MontDa01,David Montgomery,24,RB,13,13,225,849,7,41,3.8,65.3,1,0.5,17.3
532,MontTy01,Ty Montgomery,22,WR,6,3,3,14,0,9,4.7,2.3,0,0.0,0.5
533,MontTy01,Ty Montgomery,23,RB,15,6,77,457,3,61,5.9,30.5,2,0.2,5.1
534,MontTy01,Ty Montgomery,24,RB,8,5,71,273,3,37,3.8,34.1,0,0.4,8.9
535,MontTy01,Ty Montgomery,25,WR,13,0,41,188,1,16,4.6,14.5,2,0.1,3.2
536,MontTy01,Ty Montgomery,26,WR,16,2,32,103,0,15,3.2,6.4,0,0.0,2.0
537,MontTy01,Ty Montgomery,27,WR,6,1,19,101,0,36,5.3,16.8,0,0.0,3.2
538,MontTy01,Ty Montgomery,28,WR,14,3,15,44,0,9,2.9,3.1,0,0.0,1.1
539,MoonDa00,Darnell Mooney,23,WR,16,9,4,20,0,16,5.0,1.3,1,0.0,0.2
540,MoonDa00,Darnell Mooney,24,WR,17,14,6,32,1,15,5.3,1.9,0,0.1,0.4
541,MoorCh00,Chris Moore,23,WR,15,0,3,19,0,10,6.3,1.3,1,0.0,0.2
542,MoorCh00,Chris Moore,24,WR,13,4,2,-9,0,-4,-4.5,-0.7,0,0.0,0.2
543,MoorCh00,Chris Moore,25,WR,16,0,5,17,0,9,3.4,1.1,0,0.0,0.3
544,MoorCh00,Chris Moore,26,WR,14,1,1,0,0,0,0.0,0.0,0,0.0,0.1
545,MoorD.00,D.J. Moore,21,WR,16,10,13,172,0,32,13.2,10.8,4,0.0,0.8
546,MoorD.00,D.J. Moore,22,WR,15,15,6,40,0,13,6.7,2.7,2,0.0,0.4
547,MoorD.00,D.J. Moore,23,WR,15,14,2,22,0,21,11.0,1.5,0,0.0,0.1
548,MoorD.00,D.J. Moore,24,WR,17,17,8,48,0,14,6.0,2.8,1,0.0,0.5
549,MoorEl00,Elijah Moore,21,WR,11,6,5,54,1,19,10.8,4.9,0,0.1,0.5
550,MoorRo02,Rondale Moore,21,WR,14,7,18,76,0,26,4.2,5.4,3,0.0,1.3
551,MossZa00,Zack Moss,23,RB,13,0,112,481,4,31,4.3,37.0,0,0.3,8.6
552,MossZa00,Zack Moss,24,RB,13,0,96,345,4,17,3.6,26.5,2,0.3,7.4
553,MostRa00,Raheem Mostert,24,RB,3,0,1,6,0,6,6.0,2.0,0,0.0,0.3
554,MostRa00,Raheem Mostert,25,RB,11,0,6,30,0,16,5.0,2.7,1,0.0,0.5
555,MostRa00,Raheem Mostert,26,RB,9,0,34,261,1,52,7.7,29.0,1,0.1,3.8
556,MostRa00,Raheem Mostert,27,RB,16,0,137,772,8,41,5.6,48.3,2,0.5,8.6
557,MostRa00,Raheem Mostert,28,RB,8,8,104,521,2,80,5.0,65.1,1,0.2,13.0
558,MostRa00,Raheem Mostert,29,RB,1,1,2,20,0,11,10.0,20.0,0,0.0,2.0
559,MurrKy00,Kyler Murray,22,QB,16,16,93,544,4,35,5.8,34.0,5,0.2,5.8
560,MurrKy00,Kyler Murray*,23,QB,16,16,133,819,11,48,6.2,51.2,9,0.7,8.3
561,MurrKy00,Kyler Murray*,24,QB,14,14,88,423,5,57,4.8,30.2,13,0.4,6.3
562,MurrLa00,Latavius Murray,24,RB,15,3,82,424,2,90,5.2,28.3,1,0.1,5.5
563,MurrLa00,Latavius Murray*,25,RB,16,16,266,1066,6,54,4.0,66.6,4,0.4,16.6
564,MurrLa00,Latavius Murray,26,RB,14,12,195,788,12,42,4.0,56.3,2,0.9,13.9
565,MurrLa00,Latavius Murray,27,RB,16,11,216,842,8,46,3.9,52.6,1,0.5,13.5
566,MurrLa00,Latavius Murray,28,RB,16,6,140,578,6,38,4.1,36.1,0,0.4,8.8
567,MurrLa00,Latavius Murray,29,RB,16,8,146,637,5,30,4.4,39.8,0,0.3,9.1
568,MurrLa00,Latavius Murray,30,RB,15,7,146,656,4,36,4.5,43.7,1,0.3,9.7
569,MurrLa00,Latavius Murray,31,RB,14,6,119,501,6,46,4.2,35.8,0,0.4,8.5
570,NjokDa00,David Njoku,21,TE,16,5,1,1,0,1,1.0,0.1,0,0.0,0.1
571,NjokDa00,David Njoku,25,TE,16,11,1,1,0,1,1.0,0.1,0,0.0,0.1
572,NwanKe00,Kene Nwangwu,23,RB,11,0,13,61,0,19,4.7,5.5,0,0.0,1.2
573,OgunDa00,Dare Ogunbowale,25,RB,16,0,11,17,2,12,1.5,1.1,2,0.1,0.7
574,OgunDa00,Dare Ogunbowale,26,RB,14,2,32,145,0,25,4.5,10.4,0,0.0,2.3
575,OgunDa00,Dare Ogunbowale,27,RB,17,2,43,137,1,12,3.2,8.1,0,0.1,2.5
576,OlszGu00,Gunner Olszewski+,24,WR,13,2,5,23,0,12,4.6,1.8,1,0.0,0.4
577,OlszGu00,Gunner Olszewski,25,WR,16,0,1,9,0,9,9.0,0.6,3,0.0,0.1
578,OsboKJ00,K.J. Osborn,24,WR,17,9,1,10,0,10,10.0,0.6,0,0.0,0.1
579,OzigDe01,Devine Ozigbo,23,RB,10,0,9,27,0,9,3.0,2.7,0,0.0,0.9
580,OzigDe01,Devine Ozigbo,24,RB,8,0,1,1,0,1,1.0,0.1,0,0.0,0.1
581,OzigDe01,Devine Ozigbo,25,RB,3,0,1,-3,0,0,-3.0,-1.0,0,0.0,0.3
582,PalmJo00,Josh Palmer,23,WR,17,5,1,6,0,6,6.0,0.4,0,0.0,0.1
583,PascZa00,Zach Pascal,24,WR,16,4,2,10,0,8,5.0,0.6,0,0.0,0.1
584,PascZa00,Zach Pascal,25,WR,16,13,2,16,0,12,8.0,1.0,0,0.0,0.1
585,PascZa00,Zach Pascal,27,WR,16,13,2,21,0,12,10.5,1.3,1,0.0,0.1
586,PattCo00,Cordarrelle Patterson*+,22,WR,16,6,12,158,3,50,13.2,9.9,0,0.2,0.8
587,PattCo00,Cordarrelle Patterson,23,WR,16,7,10,117,1,67,11.7,7.3,1,0.1,0.6
588,PattCo00,Cordarrelle Patterson,24,WR,16,1,2,15,0,9,7.5,0.9,1,0.0,0.1
589,PattCo00,Cordarrelle Patterson*+,25,WR,16,8,7,43,0,22,6.1,2.7,2,0.0,0.4
590,PattCo00,Cordarrelle Patterson,26,WR,16,2,13,121,2,47,9.3,7.6,3,0.1,0.8
591,PattCo00,Cordarrelle Patterson,27,WR,15,5,42,228,1,27,5.4,15.2,1,0.1,2.8
592,PattCo00,Cordarrelle Patterson*+,28,WR,16,4,17,103,0,46,6.1,6.4,0,0.0,1.1
593,PattCo00,Cordarrelle Patterson*+,29,WR,16,3,64,232,1,13,3.6,14.5,0,0.1,4.0
594,PattCo00,Cordarrelle Patterson,30,RB,16,13,153,618,6,39,4.0,38.6,2,0.4,9.6
595,PennRa00,Rashaad Penny,22,RB,14,0,85,419,2,38,4.9,29.9,0,0.1,6.1
596,PennRa00,Rashaad Penny,23,RB,10,0,65,370,3,58,5.7,37.0,1,0.3,6.5
597,PennRa00,Rashaad Penny,24,RB,3,0,11,34,0,7,3.1,11.3,0,0.0,3.7
598,PennRa00,Rashaad Penny,25,RB,10,6,119,749,6,62,6.3,74.9,0,0.6,11.9
599,PeriSa00,Samaje Perine,22,RB,16,8,175,603,1,30,3.4,37.7,2,0.1,10.9
600,PeriSa00,Samaje Perine,23,RB,5,0,8,32,0,11,4.0,6.4,0,0.0,1.6
601,PeriSa00,Samaje Perine,24,RB,7,0,5,16,0,9,3.2,2.3,0,0.0,0.7
602,PeriSa00,Samaje Perine,25,RB,16,1,63,301,3,46,4.8,18.8,0,0.2,3.9
603,PeriSa00,Samaje Perine,26,RB,16,0,55,246,1,46,4.5,15.4,0,0.1,3.4
604,PerrBr02,Breshad Perriman,23,WR,16,1,1,2,0,2,2.0,0.1,0,0.0,0.1
605,PerrBr02,Breshad Perriman,25,WR,10,2,4,2,0,7,0.5,0.2,0,0.0,0.4
606,PerrBr02,Breshad Perriman,26,WR,14,4,2,16,0,13,8.0,1.1,0,0.0,0.1
607,PerrBr02,Breshad Perriman,27,WR,12,12,1,6,0,6,6.0,0.5,0,0.0,0.1
608,PerrBr02,Breshad Perriman,28,WR,6,0,1,-3,0,-3,-3.0,-0.5,0,0.0,0.2
609,PettDa00,Dante Pettis,23,WR,12,7,1,-2,0,-2,-2.0,-0.2,2,0.0,0.1
610,PollTo00,Tony Pollard,22,RB,15,0,86,455,2,44,5.3,30.3,1,0.1,5.7
611,PollTo00,Tony Pollard,23,RB,16,2,101,435,4,42,4.3,27.2,0,0.2,6.3
612,PollTo00,Tony Pollard,24,RB,15,0,130,719,2,58,5.5,47.9,2,0.1,8.7
613,PoweBr00,Brandon Powell,23,WR,6,1,1,4,0,4,4.0,0.7,0,0.0,0.2
614,PoweBr00,Brandon Powell,25,WR,15,1,2,7,0,4,3.5,0.5,2,0.0,0.1
615,PresDa01,Dak Prescott*,23,QB,16,16,57,282,6,18,4.9,17.6,9,0.4,3.6
616,PresDa01,Dak Prescott,24,QB,16,16,57,357,6,21,6.3,22.3,4,0.4,3.6
617,PresDa01,Dak Prescott*,25,QB,16,16,75,305,6,28,4.1,19.1,12,0.4,4.7
618,PresDa01,Dak Prescott,26,QB,16,16,52,277,3,42,5.3,17.3,6,0.2,3.2
619,PresDa01,Dak Prescott,27,QB,5,5,18,93,3,12,5.2,18.6,3,0.6,3.6
620,PresDa01,Dak Prescott,28,QB,16,16,48,146,1,21,3.0,9.1,14,0.1,3.0
621,RaymKa00,Kalif Raymond,23,WR,8,0,1,-1,0,0,-1.0,-0.1,5,0.0,0.1
622,RaymKa00,Kalif Raymond,25,WR,8,1,1,-5,0,-5,-5.0,-0.6,1,0.0,0.1
623,RaymKa00,Kalif Raymond,26,WR,15,3,1,-3,0,-3,-3.0,-0.2,0,0.0,0.1
624,RaymKa00,Kalif Raymond,27,WR,16,14,4,28,0,13,7.0,1.8,0,0.0,0.2
625,ReagJa00,Jalen Reagor,21,WR,11,11,4,26,0,19,6.5,2.4,2,0.0,0.4
626,ReagJa00,Jalen Reagor,22,WR,17,13,10,32,0,12,3.2,1.9,2,0.0,0.6
627,ReynCr00,Craig Reynolds,24,RB,2,0,1,4,0,4,4.0,2.0,0,0.0,0.5
628,ReynCr00,Craig Reynolds,25,RB,5,2,55,230,0,35,4.2,46.0,0,0.0,11.0
629,RobiJa00,James Robinson,22,RB,14,14,240,1070,7,47,4.5,76.4,3,0.5,17.1
630,RobiJa00,James Robinson,23,RB,14,13,164,767,8,58,4.7,54.8,4,0.6,11.7
631,RodgAa00,Aaron Rodgers,30,QB,9,9,30,120,0,18,4.0,13.3,4,0.0,3.3
632,RodgAa00,Aaron Rodgers*+,31,QB,16,16,43,269,2,19,6.3,16.8,10,0.1,2.7
633,RodgAa00,Aaron Rodgers*,32,QB,16,16,58,344,1,18,5.9,21.5,8,0.1,3.6
634,RodgAa00,Aaron Rodgers*,33,QB,16,16,67,369,4,23,5.5,23.1,8,0.2,4.2
635,RodgAa00,Aaron Rodgers,34,QB,7,7,24,126,0,18,5.3,18.0,1,0.0,3.4
636,RodgAa00,Aaron Rodgers*,35,QB,16,16,43,269,2,23,6.3,16.8,6,0.1,2.7
637,RodgAa00,Aaron Rodgers*,36,QB,16,16,46,183,1,17,4.0,11.4,4,0.1,2.9
638,RodgAa00,Aaron Rodgers*+,37,QB,16,16,38,149,3,14,3.9,9.3,4,0.2,2.4
639,RodgAa00,Aaron Rodgers*+,38,QB,16,16,33,101,3,18,3.1,6.3,3,0.2,2.1
640,RushCo00,Cooper Rush,24,QB,2,0,2,13,0,15,6.5,6.5,0,0.0,1.0
641,RushCo00,Cooper Rush,28,QB,5,1,9,-8,0,2,-0.9,-1.6,1,0.0,1.8
642,RyanMa00,Matt Ryan,28,QB,16,16,17,55,0,17,3.2,3.4,5,0.0,1.1
643,RyanMa00,Matt Ryan*,29,QB,16,16,29,145,0,15,5.0,9.1,5,0.0,1.8
644,RyanMa00,Matt Ryan,30,QB,16,16,36,63,0,18,1.8,3.9,12,0.0,2.2
645,RyanMa00,Matt Ryan*+,31,QB,16,16,35,117,0,18,3.3,7.3,4,0.0,2.2
646,RyanMa00,Matt Ryan,32,QB,16,16,32,143,0,16,4.5,8.9,4,0.0,2.0
647,RyanMa00,Matt Ryan,33,QB,16,16,33,125,3,15,3.8,7.8,10,0.2,2.1
648,RyanMa00,Matt Ryan,34,QB,15,15,34,147,1,12,4.3,9.8,9,0.1,2.3
649,RyanMa00,Matt Ryan,35,QB,16,16,29,92,2,16,3.2,5.8,6,0.1,1.8
650,RyanMa00,Matt Ryan,36,QB,17,17,40,82,1,17,2.1,4.8,11,0.1,2.4
651,RypiBr00,Brett Rypien,24,QB,3,1,5,-5,0,-1,-1.0,-1.7,1,0.0,1.7
652,SamuCu00,Curtis Samuel,21,WR,9,4,4,64,0,31,16.0,7.1,0,0.0,0.4
653,SamuCu00,Curtis Samuel,22,WR,13,8,8,84,2,33,10.5,6.5,1,0.2,0.6
654,SamuCu00,Curtis Samuel,23,WR,16,15,19,130,1,16,6.8,8.1,0,0.1,1.2
655,SamuCu00,Curtis Samuel,24,WR,15,5,41,200,2,45,4.9,13.3,1,0.1,2.7
656,SamuCu00,Curtis Samuel,25,WR,5,1,4,11,0,8,2.8,2.2,0,0.0,0.8
657,SamuDe00,Deebo Samuel,23,WR,15,11,14,159,3,31,11.4,10.6,2,0.2,0.9
658,SamuDe00,Deebo Samuel,24,WR,7,5,8,26,0,10,3.3,3.7,0,0.0,1.1
659,SamuDe00,Deebo Samuel*+,25,WR,16,15,59,365,8,49,6.2,22.8,4,0.5,3.7
660,SandMi01,Miles Sanders,22,RB,16,11,179,818,3,65,4.6,51.1,2,0.2,11.2
661,SandMi01,Miles Sanders,23,RB,12,11,164,867,6,82,5.3,72.3,4,0.5,13.7
662,SandMi01,Miles Sanders,24,RB,12,12,137,754,0,38,5.5,62.8,1,0.0,11.4
663,SchwAn00,Anthony Schwartz,21,WR,14,2,6,39,0,17,6.5,2.8,0,0.0,0.4
664,ScotBo02,Boston Scott,24,RB,11,2,61,245,5,25,4.0,22.3,4,0.5,5.5
665,ScotBo02,Boston Scott,25,RB,16,4,80,374,1,56,4.7,23.4,2,0.1,5.0
666,ScotBo02,Boston Scott,26,RB,16,4,87,373,7,23,4.3,23.3,1,0.4,5.4
667,SermTr00,Trey Sermon,22,RB,9,2,41,167,1,16,4.1,18.6,0,0.1,4.6
668,ShenLa00,Laviska Shenault Jr.,22,WR,14,12,18,91,0,17,5.1,6.5,0,0.0,1.3
669,ShenLa00,Laviska Shenault Jr.,23,WR,16,10,11,41,0,11,3.7,2.6,1,0.0,0.7
670,SiemTr00,Trevor Siemian,24,QB,1,0,1,-1,0,-1,-1.0,-1.0,0,0.0,1.0
671,SiemTr00,Trevor Siemian,25,QB,14,14,28,57,0,14,2.0,4.1,4,0.0,2.0
672,SiemTr00,Trevor Siemian,26,QB,11,10,31,127,1,15,4.1,11.5,5,0.1,2.8
673,SiemTr00,Trevor Siemian,30,QB,6,4,9,20,1,17,2.2,3.3,3,0.2,1.5
674,SimsSt00,Steven Sims,22,WR,16,2,9,85,1,65,9.4,5.3,1,0.1,0.6
675,SimsSt00,Steven Sims,23,WR,12,2,1,18,0,18,18.0,1.5,4,0.0,0.1
676,SingDe00,Devin Singletary,22,RB,12,8,151,775,2,38,5.1,64.6,4,0.2,12.6
677,SingDe00,Devin Singletary,23,RB,16,16,156,687,2,51,4.4,42.9,1,0.1,9.8
678,SingDe00,Devin Singletary,24,RB,17,16,188,870,7,46,4.6,51.2,5,0.4,11.1
679,SmitGe00,Geno Smith,23,QB,16,16,72,366,6,32,5.1,22.9,8,0.4,4.5
680,SmitGe00,Geno Smith,24,QB,14,13,59,238,1,18,4.0,17.0,8,0.1,4.2
681,SmitGe00,Geno Smith,25,QB,1,0,2,34,0,29,17.0,34.0,0,0.0,2.0
682,SmitGe00,Geno Smith,26,QB,2,1,2,9,0,7,4.5,4.5,1,0.0,1.0
683,SmitGe00,Geno Smith,27,QB,2,1,4,12,0,10,3.0,6.0,2,0.0,2.0
684,SmitGe00,Geno Smith,28,QB,5,0,8,2,0,9,0.3,0.4,1,0.0,1.6
685,SmitGe00,Geno Smith,30,QB,1,0,2,-2,0,0,-1.0,-2.0,1,0.0,2.0
686,SmitGe00,Geno Smith,31,QB,4,3,9,42,1,12,4.7,10.5,1,0.2,2.2
687,SmitJo01,Jonnu Smith,24,TE,16,14,4,78,0,57,19.5,4.9,0,0.0,0.2
688,SmitJo01,Jonnu Smith,25,TE,15,14,2,4,1,3,2.0,0.3,0,0.1,0.1
689,SmitJo01,Jonnu Smith,26,TE,16,11,9,40,0,9,4.4,2.5,1,0.0,0.6
690,SmytDu00,Durham Smythe,26,TE,17,12,2,3,0,2,1.5,0.2,0,0.0,0.1
691,SnelBe00,Benny Snell Jr.,21,RB,13,2,108,426,2,23,3.9,32.8,1,0.2,8.3
692,SnelBe00,Benny Snell Jr.,22,RB,16,3,111,368,4,30,3.3,23.0,2,0.2,6.9
693,SnelBe00,Benny Snell Jr.,23,RB,17,0,36,98,0,9,2.7,5.8,0,0.0,2.1
694,St.BEq00,Equanimeous St. Brown,22,WR,12,7,1,5,0,5,5.0,0.4,0,0.0,0.1
695,St.BEq00,Equanimeous St. Brown,24,WR,12,1,1,7,0,7,7.0,0.6,0,0.0,0.1
696,St.BEq00,Equanimeous St. Brown,25,WR,13,2,3,14,0,13,4.7,1.1,0,0.0,0.2
697,StafMa00,Matthew Stafford,25,QB,16,16,37,69,2,14,1.9,4.3,12,0.1,2.3
698,StafMa00,Matthew Stafford*,26,QB,16,16,43,93,2,18,2.2,5.8,8,0.1,2.7
699,StafMa00,Matthew Stafford,27,QB,16,16,44,159,1,18,3.6,9.9,4,0.1,2.8
700,StafMa00,Matthew Stafford,28,QB,16,16,37,207,2,24,5.6,12.9,3,0.1,2.3
701,StafMa00,Matthew Stafford,29,QB,16,16,29,98,0,15,3.4,6.1,12,0.0,1.8
702,StafMa00,Matthew Stafford,30,QB,16,16,25,71,0,10,2.8,4.4,6,0.0,1.6
703,StafMa00,Matthew Stafford,31,QB,8,8,20,66,0,12,3.3,8.3,5,0.0,2.5
704,StafMa00,Matthew Stafford,32,QB,16,16,29,112,0,17,3.9,7.0,2,0.0,1.8
705,StafMa00,Matthew Stafford,33,QB,17,17,32,43,0,12,1.3,2.5,5,0.0,1.9
706,StevRh00,Rhamondre Stevenson,23,RB,12,2,133,606,5,21,4.6,50.5,2,0.4,11.1
707,StxxAm00,Amon-Ra St. Brown,22,WR,17,9,7,61,1,26,8.7,3.6,0,0.1,0.4
708,SuttCo00,Courtland Sutton,23,WR,16,9,1,-1,0,-1,-1.0,-0.1,0,0.0,0.1
709,SuttCo00,Courtland Sutton*,24,WR,16,14,3,17,0,9,5.7,1.1,2,0.0,0.2
710,SwifDA00,D'Andre Swift,21,RB,13,4,114,521,8,54,4.6,40.1,3,0.6,8.8
711,SwifDA00,D'Andre Swift,22,RB,13,4,151,617,5,57,4.1,47.5,2,0.4,11.6
712,TagoTu00,Tua Tagovailoa,22,QB,10,9,36,109,3,17,3.0,10.9,1,0.3,3.6
713,TagoTu00,Tua Tagovailoa,23,QB,13,12,42,128,3,23,3.0,9.8,9,0.2,3.2
714,TannRy00,Ryan Tannehill,25,QB,16,16,40,238,1,48,6.0,14.9,9,0.1,2.5
715,TannRy00,Ryan Tannehill,26,QB,16,16,56,311,1,40,5.6,19.4,9,0.1,3.5
716,TannRy00,Ryan Tannehill,27,QB,16,16,32,141,1,28,4.4,8.8,10,0.1,2.0
717,TannRy00,Ryan Tannehill,28,QB,13,13,39,164,1,18,4.2,12.6,9,0.1,3.0
718,TannRy00,Ryan Tannehill,30,QB,11,11,32,145,0,20,4.5,13.2,5,0.0,2.9
719,TannRy00,Ryan Tannehill*,31,QB,12,10,43,185,4,25,4.3,15.4,5,0.3,3.6
720,TannRy00,Ryan Tannehill,32,QB,16,16,43,266,7,45,6.2,16.6,6,0.4,2.7
721,TannRy00,Ryan Tannehill,33,QB,17,17,55,270,7,28,4.9,15.9,10,0.4,3.2
722,TaylJJ01,J.J. Taylor,22,RB,6,0,23,110,0,28,4.8,18.3,0,0.0,3.8
723,TaylJJ01,J.J. Taylor,23,RB,5,0,19,37,2,15,1.9,7.4,1,0.4,3.8
724,TaylJo02,Jonathan Taylor,21,RB,15,13,232,1169,11,62,5.0,77.9,1,0.7,15.5
725,TaylJo02,Jonathan Taylor*+,22,RB,17,17,332,1811,18,83,5.5,106.5,4,1.1,19.5
726,TaylTy00,Tyrod Taylor,24,QB,3,0,8,64,0,25,8.0,21.3,0,0.0,2.7
727,TaylTy00,Tyrod Taylor,25,QB,1,0,4,-3,0,0,-0.8,-3.0,0,0.0,4.0
728,TaylTy00,Tyrod Taylor*,26,QB,14,14,104,568,4,31,5.5,40.6,9,0.3,7.4
729,TaylTy00,Tyrod Taylor,27,QB,15,15,95,580,6,49,6.1,38.7,4,0.4,6.3
730,TaylTy00,Tyrod Taylor,28,QB,15,14,84,427,4,32,5.1,28.5,4,0.3,5.6
731,TaylTy00,Tyrod Taylor,29,QB,4,3,16,125,1,24,7.8,31.3,3,0.2,4.0
732,TaylTy00,Tyrod Taylor,30,QB,8,0,10,7,0,9,0.7,0.9,0,0.0,1.2
733,TaylTy00,Tyrod Taylor,31,QB,2,1,6,7,0,4,1.2,3.5,0,0.0,3.0
734,TaylTy00,Tyrod Taylor,32,QB,6,6,19,151,3,30,7.9,25.2,3,0.5,3.2
735,ToneKa00,Kadarius Toney,22,WR,10,4,3,6,0,7,2.0,0.6,0,0.0,0.3
736,TrubMi00,Mitchell Trubisky,23,QB,12,12,41,248,2,46,6.0,20.7,10,0.2,3.4
737,TrubMi00,Mitchell Trubisky*,24,QB,14,14,68,421,3,39,6.2,30.1,6,0.2,4.9
738,TrubMi00,Mitchell Trubisky,25,QB,15,15,48,193,2,23,4.0,12.9,5,0.1,3.2
739,TrubMi00,Mitchell Trubisky,26,QB,10,9,33,195,1,45,5.9,19.5,6,0.1,3.3
740,TrubMi00,Mitchell Trubisky,27,QB,6,0,13,24,1,22,1.8,4.0,0,0.2,2.2
741,ValdMa00,Marquez Valdes-Scantling,24,WR,16,10,2,29,0,21,14.5,1.8,0,0.0,0.1
742,ValdMa00,Marquez Valdes-Scantling,25,WR,16,10,2,9,0,9,4.5,0.6,0,0.0,0.1
743,ValdMa00,Marquez Valdes-Scantling,26,WR,16,12,4,13,0,9,3.3,0.8,1,0.0,0.2
744,VaugKe00,Ke'Shawn Vaughn,23,RB,10,0,26,109,0,19,4.2,10.9,1,0.0,2.6
745,VaugKe00,Ke'Shawn Vaughn,24,RB,12,1,36,180,2,55,5.0,15.0,0,0.2,3.0
746,WaddJa00,Jaylen Waddle,23,WR,16,16,2,3,1,2,1.5,0.2,2,0.1,0.1
747,WalkPh00,P.J. Walker,25,QB,4,1,5,-2,0,2,-0.4,-0.5,1,0.0,1.2
748,WalkPh00,P.J. Walker,26,QB,5,1,7,13,0,13,1.9,2.6,3,0.0,1.4
749,WashDw00,Dwayne Washington,22,RB,12,2,90,265,1,28,2.9,22.1,0,0.1,7.5
750,WashDw00,Dwayne Washington,23,RB,5,0,20,44,0,6,2.2,8.8,0,0.0,4.0
751,WashDw00,Dwayne Washington,24,RB,13,0,27,154,0,28,5.7,11.8,0,0.0,2.1
752,WashDw00,Dwayne Washington,25,RB,16,0,8,60,0,31,7.5,3.8,0,0.0,0.5
753,WashDw00,Dwayne Washington,26,RB,11,0,8,15,0,5,1.9,1.4,0,0.0,0.7
754,WashDw00,Dwayne Washington,27,RB,14,0,4,16,0,5,4.0,1.1,0,0.0,0.3
755,WatkQu00,Quez Watkins,23,WR,17,12,1,3,0,3,3.0,0.2,0,0.0,0.1
756,WentCa00,Carson Wentz,24,QB,16,16,46,150,2,17,3.3,9.4,14,0.1,2.9
757,WentCa00,Carson Wentz*,25,QB,13,13,64,299,0,24,4.7,23.0,9,0.0,4.9
758,WentCa00,Carson Wentz,26,QB,11,11,34,93,0,13,2.7,8.5,9,0.0,3.1
759,WentCa00,Carson Wentz,27,QB,16,16,62,243,1,19,3.9,15.2,16,0.1,3.9
760,WentCa00,Carson Wentz,28,QB,12,12,52,276,5,40,5.3,23.0,10,0.4,4.3
761,WentCa00,Carson Wentz,29,QB,17,17,57,215,1,18,3.8,12.6,8,0.1,3.4
762,WhitMi01,Mike White,26,QB,4,3,5,-1,0,2,-0.2,-0.3,0,0.0,1.2
763,WilkJo01,Jordan Wilkins,24,RB,16,3,60,336,1,53,5.6,21.0,2,0.1,3.8
764,WilkJo01,Jordan Wilkins,25,RB,14,1,51,307,2,55,6.0,21.9,0,0.1,3.6
765,WilkJo01,Jordan Wilkins,26,RB,15,0,84,308,1,22,3.7,20.5,0,0.1,5.6
766,WillDa05,Damien Williams,22,RB,16,0,36,122,0,19,3.4,7.6,0,0.0,2.2
767,WillDa05,Damien Williams,23,RB,16,0,16,59,0,19,3.7,3.7,2,0.0,1.0
768,WillDa05,Damien Williams,24,RB,15,0,35,115,3,23,3.3,7.7,1,0.2,2.3
769,WillDa05,Damien Williams,25,RB,11,4,46,181,0,69,3.9,16.5,0,0.0,4.2
770,WillDa05,Damien Williams,26,RB,16,3,50,256,4,25,5.1,16.0,1,0.2,3.1
771,WillDa05,Damien Williams,27,RB,11,6,111,498,5,91,4.5,45.3,1,0.5,10.1
772,WillDa05,Damien Williams,29,RB,12,2,40,164,2,23,4.1,13.7,0,0.2,3.3
773,WillDa10,Darrel Williams,23,RB,6,0,13,44,0,8,3.4,7.3,0,0.0,2.2
774,WillDa10,Darrel Williams,24,RB,12,0,41,141,3,41,3.4,11.8,1,0.2,3.4
775,WillDa10,Darrel Williams,25,RB,16,0,39,169,1,13,4.3,10.6,0,0.1,2.4
776,WillDa10,Darrel Williams,26,RB,17,7,144,558,6,21,3.9,32.8,0,0.4,8.5
777,WillJa06,Jamaal Williams,22,RB,16,7,153,556,4,25,3.6,34.8,0,0.2,9.6
778,WillJa06,Jamaal Williams,23,RB,16,8,121,464,3,20,3.8,29.0,0,0.2,7.6
779,WillJa06,Jamaal Williams,24,RB,14,2,107,460,1,45,4.3,32.9,0,0.1,7.6
780,WillJa06,Jamaal Williams,25,RB,14,3,119,505,2,25,4.2,36.1,0,0.1,8.5
781,WillJa06,Jamaal Williams,26,RB,13,11,153,601,3,20,3.9,46.2,1,0.2,11.8
782,WillJa10,Javonte Williams,21,RB,17,1,203,903,4,49,4.4,53.1,2,0.2,11.9
783,WillJo07,Jonathan Williams,22,RB,11,0,27,94,1,20,3.5,8.5,2,0.1,2.5
784,WillJo07,Jonathan Williams,24,RB,3,0,3,0,0,1,0.0,0.0,0,0.0,1.0
785,WillJo07,Jonathan Williams,25,RB,9,1,49,235,1,48,4.8,26.1,0,0.1,5.4
786,WillJo07,Jonathan Williams,26,RB,5,0,1,5,0,5,5.0,1.0,1,0.0,0.2
787,WillJo07,Jonathan Williams,27,RB,5,0,17,79,1,23,4.6,15.8,0,0.2,3.4
788,WillTr06,Trayveon Williams,23,RB,10,0,26,157,0,55,6.0,15.7,1,0.0,2.6
789,WillTr06,Trayveon Williams,24,RB,5,0,15,51,0,10,3.4,10.2,0,0.0,3.0
790,WilsCe01,Cedrick Wilson Jr.,25,WR,16,0,3,-12,0,-1,-4.0,-0.8,0,0.0,0.2
791,WilsCe01,Cedrick Wilson Jr.,26,WR,16,4,2,11,0,6,5.5,0.7,3,0.0,0.1
792,WilsJe01,Jeff Wilson,23,RB,6,2,66,266,0,18,4.0,44.3,3,0.0,11.0
793,WilsJe01,Jeff Wilson,24,RB,10,0,27,105,4,25,3.9,10.5,0,0.4,2.7
794,WilsJe01,Jeff Wilson,25,RB,12,3,126,600,7,34,4.8,50.0,2,0.6,10.5
795,WilsJe01,Jeff Wilson,26,RB,9,4,79,294,2,17,3.7,32.7,1,0.2,8.8
796,WilsRu00,Russell Wilson*,25,QB,16,16,96,539,1,27,5.6,33.7,10,0.1,6.0
797,WilsRu00,Russell Wilson*,26,QB,16,16,118,849,6,55,7.2,53.1,11,0.4,7.4
798,WilsRu00,Russell Wilson*,27,QB,16,16,103,553,1,24,5.4,34.6,7,0.1,6.4
799,WilsRu00,Russell Wilson,28,QB,16,16,72,259,1,18,3.6,16.2,8,0.1,4.5
800,WilsRu00,Russell Wilson*,29,QB,16,16,95,586,3,31,6.2,36.6,14,0.2,5.9
801,WilsRu00,Russell Wilson*,30,QB,16,16,67,376,0,40,5.6,23.5,10,0.0,4.2
802,WilsRu00,Russell Wilson*,31,QB,16,16,75,342,3,21,4.6,21.4,8,0.2,4.7
803,WilsRu00,Russell Wilson*,32,QB,16,16,83,513,2,38,6.2,32.1,7,0.1,5.2
804,WilsRu00,Russell Wilson*,33,QB,14,14,43,183,2,17,4.3,13.1,6,0.1,3.1
805,WilsZa00,Zach Wilson,22,QB,13,13,29,185,4,52,6.4,14.2,5,0.3,2.2
806,WinsJa00,Jameis Winston*,21,QB,16,16,54,213,6,21,3.9,13.3,6,0.4,3.4
807,WinsJa00,Jameis Winston,22,QB,16,16,53,165,1,14,3.1,10.3,10,0.1,3.3
808,WinsJa00,Jameis Winston,23,QB,13,13,33,135,1,17,4.1,10.4,15,0.1,2.5
809,WinsJa00,Jameis Winston,24,QB,11,9,49,281,1,18,5.7,25.5,7,0.1,4.5
810,WinsJa00,Jameis Winston,25,QB,16,16,59,250,1,26,4.2,15.6,12,0.1,3.7
811,WinsJa00,Jameis Winston,26,QB,4,0,8,-6,0,3,-0.8,-1.5,0,0.0,2.0
812,WinsJa00,Jameis Winston,27,QB,7,7,32,166,1,20,5.2,23.7,2,0.1,4.6
813,WolfJo00,John Wolford,25,QB,1,1,6,56,0,14,9.3,56.0,0,0.0,6.0
814,WolfJo00,John Wolford,26,QB,3,0,2,-1,0,0,-0.5,-0.3,0,0.0,0.7
815,ZaccOl01,Olamide Zaccheaus,23,WR,11,2,1,0,0,0,0.0,0.0,0,0.0,0.1
816,ZaccOl01,Olamide Zaccheaus,24,WR,17,8,1,2,0,2,2.0,0.1,0,0.0,0.1
