Rk,Player,Age,Pos,G,GS,Tgt,Rec,Ctch%,Yds,Y/R,TD,Lng,Y/Tgt,R/G,Y/G,Fmb,id
1,Calvin Johnson*+,27,WR,16,16,204,122,59.8%,1964,16.1,5,53,9.6,7.6,122.8,3,JohnCa00
2,Brandon Marshall*+,28,WR,16,16,192,118,61.5%,1508,12.8,11,56,7.9,7.4,94.3,2,MarsBr00
3,Wes Welker*,31,WR,16,12,174,118,67.8%,1354,11.5,6,59,7.8,7.4,84.6,3,WelkWe00
4,Andre Johnson*,31,WR,16,16,162,112,69.1%,1598,14.3,4,60,9.9,7.0,99.9,0,JohnAn02
5,Jason Witten*,30,TE,16,16,147,110,74.8%,1039,9.4,3,36,7.1,6.9,64.9,0,WittJa00
6,Reggie Wayne*,34,WR,16,15,195,106,54.4%,1355,12.8,5,33,6.9,6.6,84.7,1,WaynRe00
7,A.J. Green*,24,WR,16,16,164,97,59.1%,1350,13.9,11,73,8.2,6.1,84.4,2,GreeA.00
8,Demaryius Thomas*,25,WR,16,16,143,94,65.7%,1434,15.3,10,71,10.0,5.9,89.6,3,ThomDe03
9,Tony Gonzalez*+,36,TE,16,16,124,93,75.0%,930,10.0,8,25,7.5,5.8,58.1,0,GonzTo00
10,Dez Bryant,24,WR,16,14,138,92,66.7%,1382,15.0,12,85,10.0,5.8,86.4,5,BryaDe01
11,Roddy White,31,WR,16,15,142,92,64.8%,1351,14.7,7,59,9.5,5.8,84.4,1,WhitRo00
12,Victor Cruz*,26,WR,16,16,143,86,60.1%,1092,12.7,10,80,7.6,5.4,68.3,0,CruzVi00
13,Michael Crabtree,25,WR,16,16,127,85,66.9%,1105,13.0,9,49,8.7,5.3,69.1,0,CrabMi00
14,Eric Decker,25,WR,16,15,122,85,69.7%,1064,12.5,13,55,8.7,5.3,66.5,0,DeckEr00
15,Jimmy Graham,26,TE,15,9,135,85,63.0%,982,11.6,9,46,7.3,5.7,65.5,1,GrahJi00
16,Marques Colston,29,WR,16,13,130,83,63.8%,1154,13.9,10,60,8.9,5.2,72.1,4,ColsMa00
17,Randall Cobb,22,WR,15,8,104,80,76.9%,954,11.9,8,39,9.2,5.3,63.6,4,CobbRa00
18,Steve Johnson,26,WR,16,16,148,79,53.4%,1046,13.2,6,63,7.1,4.9,65.4,1,JohnSt00
19,Julio Jones*,23,WR,16,15,128,79,61.7%,1198,15.2,10,80,9.4,4.9,74.9,0,JoneJu02
20,Brandon Myers,27,TE,16,16,105,79,75.2%,806,10.2,4,29,7.7,4.9,50.4,0,MyerBr00
21,Darren Sproles,29,RB,13,6,104,75,72.1%,667,8.9,7,44,6.4,5.8,51.3,0,SproDa00
22,Brian Hartline,26,WR,16,15,131,74,56.5%,1083,14.6,1,80,8.3,4.6,67.7,1,HartBr00
23,Brandon Lloyd,31,WR,16,15,131,74,56.5%,911,12.3,4,53,7.0,4.6,56.9,0,LloyBr00
24,Steve Smith Sr.,33,WR,16,16,137,73,53.3%,1174,16.1,4,66,8.6,4.6,73.4,1,SmitSt01
25,Vincent Jackson*,29,WR,16,16,147,72,49.0%,1384,19.2,8,95,9.4,4.5,86.5,0,JackVi00
26,Larry Fitzgerald*,29,WR,16,16,156,71,45.5%,798,11.2,4,37,5.1,4.4,49.9,0,FitzLa00
27,Heath Miller*,30,TE,15,15,101,71,70.3%,816,11.5,8,43,8.1,4.7,54.4,0,MillHe00
28,Jeremy Maclin,24,WR,15,15,122,69,56.6%,857,12.4,7,70,7.0,4.6,57.1,1,MaclJe00
29,Greg Olsen,27,TE,16,16,104,69,66.3%,843,12.2,5,47,8.1,4.3,52.7,0,OlseGr00
30,Miles Austin,28,WR,16,15,119,66,55.5%,943,14.3,6,49,7.9,4.1,58.9,1,AustMi00
31,Antonio Brown,24,WR,13,10,106,66,62.3%,787,11.9,5,60,7.4,5.1,60.5,4,BrowAn04
32,Anquan Boldin,32,WR,15,15,112,65,58.0%,921,14.2,4,43,8.2,4.3,61.4,0,BoldAn00
33,Lance Moore,29,WR,15,7,104,65,62.5%,1041,16.0,6,51,10.0,4.3,69.4,0,MoorLa00
34,Justin Blackmon,22,WR,16,14,132,64,48.5%,865,13.5,5,81,6.6,4.0,54.1,1,BlacJu00
35,Jermaine Gresham*,24,TE,16,15,94,64,68.1%,737,11.5,5,55,7.8,4.0,46.1,2,GresJe00
36,James Jones,28,WR,16,16,98,64,65.3%,784,12.3,14,49,8.0,4.0,49.0,0,JoneJa04
37,Andre Roberts,24,WR,15,15,114,64,56.1%,759,11.9,5,46,6.7,4.3,50.6,1,RobeAn00
38,Mike Wallace,26,WR,15,14,119,64,53.8%,836,13.1,8,82,7.0,4.3,55.7,2,WallMi00
39,Kendall Wright,23,WR,15,5,104,64,61.5%,626,9.8,4,38,6.0,4.3,41.7,1,WrigKe01
40,Danny Amendola,27,WR,11,8,101,63,62.4%,666,10.6,3,56,6.6,5.7,60.5,3,AmenDa00
41,Mike Williams,25,WR,16,16,126,63,50.0%,996,15.8,9,65,7.9,3.9,62.3,0,WillMi04
42,Owen Daniels*,30,TE,15,14,104,62,59.6%,716,11.5,6,39,6.9,4.1,47.7,0,DaniOw00
43,Percy Harvin,24,WR,9,8,85,62,72.9%,677,10.9,3,45,8.0,6.9,75.2,2,HarvPe00
44,Davone Bess,27,WR,13,13,104,61,58.7%,778,12.8,1,39,7.5,4.7,59.8,1,BessDa00
45,Jermichael Finley,25,TE,16,14,87,61,70.1%,667,10.9,2,40,7.7,3.8,41.7,1,FinlJe00
46,Dennis Pitta,27,TE,16,5,94,61,64.9%,669,11.0,7,61,7.1,3.8,41.8,0,PittDe00
47,Ray Rice*,25,RB,16,16,83,61,73.5%,478,7.8,1,43,5.8,3.8,29.9,1,RiceRa00
48,Donnie Avery,28,WR,16,15,124,60,48.4%,781,13.0,3,48,6.3,3.8,48.8,1,AverDo00
49,Dwayne Bowe,28,WR,13,12,114,59,51.8%,801,13.6,3,47,7.0,4.5,61.6,1,BoweDw00
50,Brandon Pettigrew,27,TE,14,11,102,59,57.8%,567,9.6,3,24,5.6,4.2,40.5,4,PettBr00
51,Brent Celek,27,TE,15,14,88,57,64.8%,684,12.0,1,34,7.8,3.8,45.6,1,CeleBr00
52,Malcom Floyd,31,WR,14,14,85,56,65.9%,814,14.5,5,39,9.6,4.0,58.1,0,FloyMa00
53,Jeremy Kerley,24,WR,16,7,95,56,58.9%,827,14.8,2,66,8.7,3.5,51.7,4,KerlJe00
54,Martellus Bennett,25,TE,16,16,89,55,61.8%,626,11.4,5,33,7.0,3.4,39.1,0,BennMa00
55,Rob Gronkowski*,23,TE,11,11,79,55,69.6%,790,14.4,11,41,10.0,5.0,71.8,1,GronRo00
56,Cecil Shorts,25,WR,14,9,105,55,52.4%,979,17.8,7,80,9.3,3.9,69.9,1,ShorCe00
57,LeSean McCoy,24,RB,12,12,67,54,80.6%,373,6.9,3,36,5.6,4.5,31.1,4,McCoLe01
58,Jason Avant,29,WR,14,6,76,53,69.7%,648,12.2,0,39,8.5,3.8,46.3,1,AvanJa00
59,Greg Little,23,WR,16,16,94,53,56.4%,647,12.2,4,43,6.9,3.3,40.4,0,LittGr00
60,Hakeem Nicks,24,WR,13,11,100,53,53.0%,692,13.1,3,50,6.9,4.1,53.2,0,NickHa01
61,Jacquizz Rodgers,22,RB,16,0,59,53,89.8%,402,7.6,1,32,6.8,3.3,25.1,0,RodgJa00
62,Kyle Rudolph*,23,TE,16,16,93,53,57.0%,493,9.3,9,29,5.3,3.3,30.8,0,RudoKy00
63,Joique Bell,26,RB,16,0,68,52,76.5%,485,9.3,0,50,7.1,3.3,30.3,2,BellJo01
64,Marcedes Lewis,28,TE,16,15,77,52,67.5%,540,10.4,4,26,7.0,3.3,33.8,0,LewiMa00
65,Dexter McCluster,23,RB,16,6,77,52,67.5%,452,8.7,1,31,5.9,3.3,28.3,2,McClDe00
66,Marcel Reece*,27,RB,16,14,73,52,71.2%,496,9.5,1,56,6.8,3.3,31.0,2,ReecMa00
67,Jacob Tamme,27,TE,16,8,85,52,61.2%,555,10.7,2,36,6.5,3.3,34.7,0,TammJa00
68,Brandon Gibson,25,WR,16,13,82,51,62.2%,691,13.5,5,34,8.4,3.2,43.2,0,GibsBr00
69,Andrew Hawkins,26,WR,14,2,80,51,63.8%,533,10.5,4,59,6.7,3.6,38.1,1,HawkAn00
70,Aaron Hernandez,23,TE,10,10,83,51,61.4%,483,9.5,5,31,5.8,5.1,48.3,0,HernAa00
71,Denarius Moore,24,WR,15,15,114,51,44.7%,741,14.5,7,58,6.5,3.4,49.4,3,MoorDe02
72,Trent Richardson,22,RB,15,15,70,51,72.9%,367,7.2,1,27,5.2,3.4,24.5,3,RichTr00
73,Josh Gordon,21,WR,16,13,96,50,52.1%,805,16.1,5,71,8.4,3.1,50.3,1,GordJo02
74,T.Y. Hilton,23,WR,15,1,90,50,55.6%,861,17.2,7,61,9.6,3.3,57.4,1,HiltT.00
75,Sidney Rice,26,WR,16,16,82,50,61.0%,748,15.0,7,46,9.1,3.1,46.8,0,RiceSi01
76,Ronnie Brown,31,RB,14,1,59,49,83.1%,371,7.6,0,25,6.3,3.5,26.5,0,BrowRo05
77,Antonio Gates,32,TE,15,15,80,49,61.3%,538,11.0,7,34,6.7,3.3,35.9,0,GateAn00
78,Doug Martin*,23,RB,16,16,70,49,70.0%,472,9.6,1,64,6.7,3.1,29.5,1,MartDo00
79,Jordy Nelson,27,WR,12,10,73,49,67.1%,745,15.2,7,73,10.2,4.1,62.1,0,NelsJo00
80,Torrey Smith,23,WR,16,16,110,49,44.5%,855,17.4,8,54,7.8,3.1,53.4,0,SmitTo02
81,Ben Watson,32,TE,16,14,82,49,59.8%,501,10.2,3,27,6.1,3.1,31.3,1,WatsBe00
82,Josh Morgan,27,WR,16,15,73,48,65.8%,510,10.6,2,32,7.0,3.0,31.9,1,MorgJo00
83,Dallas Clark,33,TE,16,7,75,47,62.7%,435,9.3,4,33,5.8,2.9,27.2,0,ClarDa00
84,Nate Washington,29,WR,16,14,89,46,51.7%,746,16.2,4,71,8.4,2.9,46.6,1,WashNa00
85,Dwayne Allen,22,TE,16,16,66,45,68.2%,521,11.6,3,40,7.9,2.8,32.6,1,AlleDw00
86,Kenny Britt,24,WR,14,11,90,45,50.0%,589,13.1,4,46,6.5,3.2,42.1,2,BritKe00
87,Michael Floyd,23,WR,16,3,86,45,52.3%,562,12.5,2,53,6.5,2.8,35.1,1,FloyMi00
88,Rob Housler,24,TE,15,9,68,45,66.2%,417,9.3,0,33,6.1,3.0,27.8,0,HousRo01
89,DeSean Jackson,26,WR,11,11,87,45,51.7%,700,15.6,2,77,8.0,4.1,63.6,1,JackDe00
90,Brandon Stokley,36,WR,15,9,58,45,77.6%,544,12.1,5,38,9.4,3.0,36.3,0,StokBr00
91,Golden Tate,24,WR,15,15,68,45,66.2%,688,15.3,7,51,10.1,3.0,45.9,1,TateGo00
92,Jared Cook,25,TE,13,5,73,44,60.3%,523,11.9,4,61,7.2,3.4,40.2,1,CookJa02
93,Matt Forte,27,RB,15,15,59,44,74.6%,340,7.7,1,47,5.8,2.9,22.7,2,FortMa00
94,Pierre Garcon,26,WR,10,10,68,44,64.7%,633,14.4,4,88,9.3,4.4,63.3,0,GarcPi00
95,Brandon LaFell,26,WR,14,12,76,44,57.9%,677,15.4,4,62,8.9,3.1,48.4,1,LaFeBr00
96,Emmanuel Sanders,25,WR,16,7,75,44,58.7%,626,14.2,1,37,8.3,2.8,39.1,3,SandEm00
97,Scott Chandler,27,TE,15,13,74,43,58.1%,571,13.3,6,43,7.7,2.9,38.1,2,ChanSc00
98,C.J. Spiller*,25,RB,16,9,57,43,75.4%,459,10.7,2,66,8.1,2.7,28.7,3,SpilC.00
99,Chris Givens,23,WR,15,12,80,42,52.5%,698,16.6,3,65,8.7,2.8,46.5,0,GiveCh00
100,Lance Kendricks,24,TE,16,14,64,42,65.6%,519,12.4,4,80,8.1,2.6,32.4,1,KendLa00
101,Mario Manningham,26,WR,12,10,57,42,73.7%,449,10.7,1,40,7.9,3.5,37.4,2,MannMa01
102,Darren McFadden,25,RB,12,12,63,42,66.7%,258,6.1,1,20,4.1,3.5,21.5,2,McFaDa00
103,Tony Scheffler,29,TE,15,4,85,42,49.4%,504,12.0,1,57,5.9,2.8,33.6,0,ScheTo00
104,Vernon Davis,28,TE,16,16,61,41,67.2%,548,13.4,5,53,9.0,2.6,34.3,0,DaviVe00
105,Joel Dreessen,30,TE,16,15,58,41,70.7%,356,8.7,5,30,6.1,2.6,22.3,0,DreeJo00
106,Anthony Fasano,28,TE,16,16,69,41,59.4%,332,8.1,5,22,4.8,2.6,20.8,0,FasaAn00
107,Darrius Heyward-Bey,25,WR,15,14,80,41,51.3%,606,14.8,5,59,7.6,2.7,40.4,0,HeywDa00
108,Donald Jones,25,WR,12,10,67,41,61.2%,443,10.8,4,68,6.6,3.4,36.9,1,JoneDo00
109,Santana Moss,33,WR,16,1,62,41,66.1%,573,14.0,8,77,9.2,2.6,35.8,2,MossSa00
110,Kevin Walter,31,WR,16,14,68,41,60.3%,518,12.6,2,52,7.6,2.6,32.4,0,WaltKe00
111,Arian Foster*,26,RB,16,16,58,40,69.0%,217,5.4,2,23,3.7,2.5,13.6,3,FostAr00
112,Michael Jenkins,30,WR,16,8,72,40,55.6%,449,11.2,2,32,6.2,2.5,28.1,0,JenkMi00
113,Adrian Peterson*+,27,RB,16,16,51,40,78.4%,217,5.4,1,20,4.3,2.5,13.6,4,PeteAd01
114,Danny Woodhead,27,RB,16,2,55,40,72.7%,446,11.2,3,25,8.1,2.5,27.9,1,WoodDa02
115,Domenik Hixon,28,WR,13,3,59,39,66.1%,567,14.5,2,41,9.6,3.0,43.6,0,HixoDo00
116,Ryan Mathews,25,RB,12,9,56,39,69.6%,252,6.5,0,24,4.5,3.3,21.0,2,MathRy00
117,Rod Streater,24,WR,16,2,74,39,52.7%,584,15.0,3,64,7.9,2.4,36.5,1,StreRo00
118,Pierre Thomas,28,RB,15,4,53,39,73.6%,354,9.1,1,36,6.7,2.6,23.6,0,ThomPi00
119,Harry Douglas,28,WR,15,1,59,38,64.4%,395,10.4,1,37,6.7,2.5,26.3,1,DougHa00
120,Leonard Hankerson,23,WR,16,5,57,38,66.7%,543,14.3,3,68,9.5,2.4,33.9,0,HankLe00
121,Steven Jackson,29,RB,16,16,53,38,71.7%,321,8.4,0,22,6.1,2.4,20.1,0,JackSt00
122,Zach Miller,27,TE,16,15,53,38,71.7%,396,10.4,3,30,7.5,2.4,24.8,1,MillZa01
123,Danario Alexander,26,WR,10,6,62,37,59.7%,658,17.8,7,80,10.6,3.7,65.8,0,AlexDa00
124,Greg Jennings,29,WR,8,5,62,36,58.1%,366,10.2,4,45,5.9,4.5,45.8,0,JennGr00
125,Chris Johnson,27,RB,16,15,49,36,73.5%,232,6.4,0,22,4.7,2.3,14.5,5,JohnCh04
126,Reggie Bush,27,RB,16,16,52,35,67.3%,292,8.3,2,25,5.6,2.2,18.3,4,BushRe00
127,Jamaal Charles*,26,RB,16,15,49,35,71.4%,236,6.7,1,22,4.8,2.2,14.8,5,CharJa00
128,DeMarco Murray,24,RB,10,10,42,35,83.3%,251,7.2,0,22,6.0,3.5,25.1,3,MurrDe00
129,James Casey,28,FB,16,9,45,34,75.6%,330,9.7,3,30,7.3,2.1,20.6,0,CaseJa00
130,Fred Jackson,31,RB,10,8,42,34,81.0%,217,6.4,1,34,5.2,3.4,21.7,5,JackFr02
131,Mikel Leshoure,22,RB,14,14,49,34,69.4%,214,6.3,0,15,4.4,2.4,15.3,3,LeshMi00
132,Tony Moeaki,25,TE,15,14,56,33,58.9%,453,13.7,1,38,8.1,2.2,30.2,0,MoeaTo00
133,Titus Young,23,WR,10,8,56,33,58.9%,383,11.6,4,46,6.8,3.3,38.3,0,YounTi00
134,Kevin Ogletree,25,WR,15,1,55,32,58.2%,436,13.6,4,65,7.9,2.1,29.1,0,OgleKe00
135,T.J. Graham,23,TE,15,11,58,31,53.4%,322,10.4,1,51,5.6,2.1,21.5,0,GrahT.00
136,Jason Snelling,29,RB,16,2,35,31,88.6%,203,6.5,1,16,5.8,1.9,12.7,1,SnelJa00
137,Jacoby Jones*+,28,WR,16,3,55,30,54.5%,406,13.5,1,47,7.4,1.9,25.4,2,JoneJa03
138,Austin Pettis,24,WR,14,2,48,30,62.5%,261,8.7,4,36,5.4,2.1,18.6,0,PettAu00
139,Damian Williams,24,WR,13,2,45,30,66.7%,324,10.8,0,27,7.2,2.3,24.9,0,WillDa04
140,Doug Baldwin,24,WR,14,4,50,29,58.0%,366,12.6,3,50,7.3,2.1,26.1,0,BaldDo00
141,Earl Bennett,25,WR,12,4,49,29,59.2%,375,12.9,2,60,7.7,2.4,31.3,0,BennEa00
142,Jeff Cumberland,25,TE,15,12,53,29,54.7%,359,12.4,3,39,6.8,1.9,23.9,0,CumbJe00
143,Early Doucet,27,WR,12,3,53,28,52.8%,207,7.4,0,18,3.9,2.3,17.3,0,DoucEa00
144,Frank Gore*,29,RB,16,16,36,28,77.8%,234,8.4,1,26,6.5,1.8,14.6,2,GoreFr00
145,Garrett Graham,26,FB,15,9,39,28,71.8%,263,9.4,3,30,6.7,1.9,17.5,0,GrahGa00
146,Dustin Keller,28,TE,8,5,36,28,77.8%,317,11.3,2,32,8.8,3.5,39.6,0,KellDu00
147,Randy Moss,35,WR,16,2,50,28,56.0%,434,15.5,3,55,8.7,1.8,27.1,1,MossRa00
148,Chaz Schilens,27,WR,15,6,41,28,68.3%,289,10.3,2,25,7.0,1.9,19.3,1,SchiCh00
149,Tiquan Underwood,25,WR,14,3,55,28,50.9%,425,15.2,2,62,7.7,2.0,30.4,0,UndeTi00
150,Nate Burleson,31,WR,6,5,43,27,62.8%,240,8.9,2,26,5.6,4.5,40.0,0,BurlNa00
151,Mike Tolbert,27,RB,16,5,39,27,69.2%,268,9.9,0,26,6.9,1.7,16.8,0,TolbMi00
152,Coby Fleener,24,TE,12,10,48,26,54.2%,281,10.8,2,26,5.9,2.2,23.4,0,FleeCo00
153,Willis McGahee,31,RB,10,9,33,26,78.8%,221,8.5,0,31,6.7,2.6,22.1,5,McGaWi00
154,Jerome Simpson,26,WR,12,10,52,26,50.0%,274,10.5,0,33,5.3,2.2,22.8,2,SimpJe00
155,Clay Harbor,25,TE,14,9,39,25,64.1%,186,7.4,2,19,4.8,1.8,13.3,1,HarbCl00
156,Felix Jones,25,RB,16,7,36,25,69.4%,262,10.5,2,39,7.3,1.6,16.4,2,JoneFe00
157,Louis Murphy,25,WR,16,5,61,25,41.0%,336,13.4,1,55,5.5,1.6,21.0,1,MurpLo00
158,Logan Paulsen,25,TE,16,10,38,25,65.8%,308,12.3,1,31,8.1,1.6,19.3,0,PaulLo00
159,Armon Binns,23,WR,11,5,40,24,60.0%,277,11.5,1,48,6.9,2.2,25.2,1,BinnAr00
160,Fred Davis,26,TE,7,7,31,24,77.4%,325,13.5,0,29,10.5,3.4,46.4,0,DaviFr01
161,Shaun Draughn,25,RB,16,0,30,24,80.0%,158,6.6,0,23,5.3,1.5,9.9,2,DrauSh00
162,Alshon Jeffery,22,WR,10,6,48,24,50.0%,367,15.3,3,55,7.6,2.4,36.7,0,JeffAl00
163,Chris Ogbonnaya,26,RB,15,1,32,24,75.0%,187,7.8,0,38,5.8,1.6,12.5,1,OgboCh00
164,Daryl Richardson,22,RB,16,0,36,24,66.7%,163,6.8,0,26,4.5,1.5,10.2,3,RichDa00
165,Laurent Robinson,27,WR,7,4,43,24,55.8%,252,10.5,0,32,5.9,3.4,36.0,1,RobiLa01
166,Ahmad Bradshaw,26,RB,14,12,31,23,74.2%,245,10.7,0,59,7.9,1.6,17.5,3,BradAh00
167,Riley Cooper,25,WR,11,5,47,23,48.9%,248,10.8,3,23,5.3,2.1,22.5,0,CoopRi00
168,Devin Hester,30,WR,15,5,40,23,57.5%,242,10.5,1,39,6.1,1.5,16.1,1,HestDe99
169,Marshawn Lynch*+,26,RB,16,15,30,23,76.7%,196,8.5,1,27,6.5,1.4,12.3,5,LyncMa00
170,Eddie Royal,26,WR,10,2,44,23,52.3%,234,10.2,1,31,5.3,2.3,23.4,1,RoyaEd00
171,Jordan Shipley,27,WR,7,2,39,23,59.0%,244,10.6,1,36,6.3,3.3,34.9,1,ShipJo00
172,Micheal Spurlock,29,WR,14,1,29,23,79.3%,200,8.7,1,22,6.9,1.6,14.3,1,SpurMi00
173,Craig Stevens,28,TE,15,15,33,23,69.7%,275,12.0,1,46,8.3,1.5,18.3,2,StevCr00
174,Ryan Broyles,24,WR,10,3,32,22,68.8%,310,14.1,2,40,9.7,2.2,31.0,0,BroyRy00
175,BenJarvus Green-Ellis,27,RB,15,15,30,22,73.3%,104,4.7,0,13,3.5,1.5,6.9,3,GreeBe00
176,Devery Henderson,30,WR,15,9,47,22,46.8%,316,14.4,1,41,6.7,1.5,21.1,1,HendDe00
177,Jarius Wright,23,WR,7,1,36,22,61.1%,310,14.1,2,65,8.6,3.1,44.3,0,WrigJa02
178,Ed Dickson,25,TE,13,11,33,21,63.6%,225,10.7,0,40,6.8,1.6,17.3,0,DickEd00
179,Julian Edelman,26,WR,9,3,32,21,65.6%,235,11.2,3,56,7.3,2.3,26.1,1,EdelJu00
180,Stephen Hill,21,WR,11,8,47,21,44.7%,252,12.0,3,33,5.4,1.9,22.9,0,HillSt00
181,Vonta Leach*+,31,FB,16,13,24,21,87.5%,143,6.8,0,18,6.0,1.3,8.9,0,LeacVo00
182,Knowshon Moreno,25,RB,8,6,26,21,80.8%,167,8.0,0,26,6.4,2.6,20.9,1,MoreKn00
183,Delanie Walker,28,WR,16,4,39,21,53.8%,344,16.4,3,45,8.8,1.3,21.5,1,WalkHu00
184,Jonathan Baldwin,23,WR,15,7,47,20,42.6%,325,16.3,1,57,6.9,1.3,21.7,0,BaldJo00
185,Jordan Cameron,24,TE,14,6,40,20,50.0%,226,11.3,1,28,5.7,1.4,16.1,0,CameJo00
186,Toby Gerhart,25,RB,16,0,27,20,74.1%,155,7.8,0,21,5.7,1.3,9.7,2,GerhTo00
187,Derek Hagan,28,WR,14,2,36,20,55.6%,259,13.0,0,38,7.2,1.4,18.5,0,HagaDe00
188,Santonio Holmes,28,WR,4,4,41,20,48.8%,272,13.6,1,38,6.6,5.0,68.0,1,HolmSa00
189,Kellen Davis,27,TE,16,15,44,19,43.2%,229,12.1,2,25,5.2,1.2,14.3,1,DaviKe01
190,Shonn Greene,27,RB,16,14,30,19,63.3%,151,7.9,0,30,5.0,1.2,9.4,4,GreeSh00
191,Rashad Jennings,27,RB,10,6,26,19,73.1%,130,6.8,0,26,5.0,1.9,13.0,3,JennRa00
192,Damaris Johnson,23,WR,14,1,31,19,61.3%,256,13.5,0,32,8.3,1.4,18.3,2,JohnDa04
193,William Powell,24,RB,13,1,25,19,76.0%,132,6.9,0,25,5.3,1.5,10.2,2,PoweWi00
194,Rueben Randle,21,WR,16,1,32,19,59.4%,298,15.7,3,56,9.3,1.2,18.6,1,RandRu00
195,Isaac Redman,28,RB,14,5,23,19,82.6%,244,12.8,0,55,10.6,1.4,17.4,3,RedmIs20
196,Robert Turbin,23,RB,16,0,23,19,82.6%,181,9.5,0,20,7.9,1.2,11.3,0,TurbRo00
197,Michael Turner,30,RB,16,16,30,19,63.3%,128,6.7,1,60,4.3,1.2,8.0,3,TurnMi00
198,Travis Benjamin,23,WR,14,3,37,18,48.6%,298,16.6,2,69,8.1,1.3,21.3,1,BenjTr00
199,Charles Clay,23,FB,14,9,33,18,54.5%,212,11.8,2,31,6.4,1.3,15.1,0,ClayCh00
200,Jonathan Dwyer,23,RB,13,6,25,18,72.0%,106,5.9,0,15,4.2,1.4,8.2,2,DwyeJo00
201,Braylon Edwards,29,WR,13,4,35,18,51.4%,199,11.1,1,19,5.7,1.4,15.3,0,EdwaBr00
202,Alex Green,24,RB,12,4,30,18,60.0%,125,6.9,0,19,4.2,1.5,10.4,1,GreeAl00
203,Marvin Jones,22,WR,11,5,32,18,56.3%,201,11.2,1,23,6.3,1.6,18.3,0,JoneMa02
204,Anthony McCoy,25,TE,16,5,28,18,64.3%,291,16.2,3,67,10.4,1.1,18.2,0,McCoAn00
205,Mike Thomas,25,WR,16,4,40,18,45.0%,108,6.0,1,12,2.7,1.1,6.8,1,ThomMi01
206,Vick Ballard,22,RB,16,12,27,17,63.0%,152,8.9,1,19,5.6,1.1,9.5,3,BallVi00
207,Jerricho Cotchery,30,WR,14,2,27,17,63.0%,205,12.1,0,24,7.6,1.2,14.6,0,CotcJe00
208,Dwayne Harris,25,WR,16,0,31,17,54.8%,222,13.1,1,36,7.2,1.1,13.9,1,HarrDw00
209,Will Heller,31,TE,16,5,23,17,73.9%,150,8.8,1,19,6.5,1.1,9.4,0,HellWi00
210,Jeff King,29,TE,16,12,29,17,58.6%,129,7.6,0,27,4.4,1.1,8.1,0,KingJe00
211,Mohamed Massaquoi,26,WR,9,5,33,17,51.5%,254,14.9,0,54,7.7,1.9,28.2,0,MassMo00
212,Bilal Powell,24,RB,14,2,36,17,47.2%,140,8.2,0,16,3.9,1.2,10.0,0,PoweBi00
213,LaRod Stephens-Howling,25,RB,14,5,30,17,56.7%,106,6.2,0,24,3.5,1.2,7.6,0,StepLa00
214,Jonathan Stewart,25,RB,9,6,23,17,73.9%,157,9.2,1,30,6.8,1.9,17.4,2,StewJo00
215,Deion Branch,33,WR,10,4,29,16,55.2%,145,9.1,0,25,5.0,1.6,14.5,0,BranDe00
216,Juron Criner,23,WR,12,0,33,16,48.5%,151,9.4,1,17,4.6,1.3,12.6,1,CrinJu00
217,Clyde Gates,26,WR,11,2,33,16,48.5%,224,14.0,0,42,6.8,1.5,20.4,0,GateCl00
218,Mike Goodson,25,RB,12,0,16,16,100.0%,195,12.2,1,64,12.2,1.3,16.3,0,GoodMi00
219,Mohamed Sanu,23,WR,9,3,25,16,64.0%,154,9.6,4,34,6.2,1.8,17.1,0,SanuMo00
220,Luke Stocker,24,TE,16,11,27,16,59.3%,165,10.3,1,33,6.1,1.0,10.3,0,StocLu00
221,Jackie Battle,29,RB,16,5,15,15,100.0%,108,7.2,1,18,7.2,0.9,6.8,0,BattJa00
222,Cole Beasley,23,WR,10,0,24,15,62.5%,128,8.5,0,20,5.3,1.5,12.8,0,BeasCo00
223,Will Johnson,23,RB,16,7,26,15,57.7%,137,9.1,1,26,5.3,0.9,8.6,0,JohnWi00
224,John Kuhn,30,FB,14,3,18,15,83.3%,148,9.9,0,32,8.2,1.1,10.6,0,KuhnJo00
225,Evan Royster,25,RB,16,0,23,15,65.2%,109,7.3,0,25,4.7,0.9,6.8,0,RoysEv00
226,Daniel Thomas,25,RB,12,0,22,15,68.2%,156,10.4,0,32,7.1,1.3,13.0,3,ThomDa03
227,Ramses Barden,26,WR,12,1,21,14,66.7%,220,15.7,0,31,10.5,1.2,18.3,0,BardRa00
228,Cedric Benson,30,RB,5,5,15,14,93.3%,97,6.9,0,18,6.5,2.8,19.4,1,BensCe00
229,Jed Collins,26,FB,15,7,16,14,87.5%,70,5.0,2,12,4.4,0.9,4.7,1,CollJe01
230,Maurice Jones-Drew,27,RB,6,5,18,14,77.8%,86,6.1,1,13,4.8,2.3,14.3,2,DrewMa00
231,Robert Meachem,28,WR,15,3,32,14,43.8%,207,14.8,2,46,6.5,0.9,13.8,0,MeacRo00
232,Chris Rainey,24,RB,16,0,22,14,63.6%,60,4.3,0,14,2.7,0.9,3.8,4,RainCh00
233,Brad Smith,29,WR-QB,15,2,22,14,63.6%,152,10.9,2,35,6.9,0.9,10.1,1,SmitBr01
234,Steve Smith,27,WR,9,2,25,14,56.0%,131,9.4,0,25,5.2,1.6,14.6,0,SmitSt02
235,Danny Ware,27,RB,16,1,20,14,70.0%,100,7.1,0,23,5.0,0.9,6.3,0,WareDa00
236,Kyle Williams,24,WR,11,3,22,14,63.6%,212,15.1,1,57,9.6,1.3,19.3,1,WillKy01
237,Bryce Brown,21,RB,16,4,19,13,68.4%,56,4.3,0,11,2.9,0.8,3.5,4,BrowBr02
238,Jordan Norwood,26,WR,2,0,19,13,68.4%,137,10.5,0,27,7.2,6.5,68.5,0,NorwJo00
239,Michael Robinson,29,FB,16,6,15,13,86.7%,126,9.7,2,20,8.4,0.8,7.9,0,RobiMi00
240,Alex Smith,30,TE,12,2,18,13,72.2%,47,3.6,0,17,2.6,1.1,3.9,0,SmitAl02
241,Brandon Tate,25,WR,16,3,25,13,52.0%,211,16.2,1,44,8.4,0.8,13.2,4,TateBr00
242,Lawrence Vickers,29,FB,16,6,15,13,86.7%,104,8.0,0,17,6.9,0.8,6.5,0,VickLa00
243,DeAngelo Williams,29,RB,16,10,20,13,65.0%,187,14.4,2,53,9.4,0.8,11.7,2,WillDe02
244,Curtis Brinkley,27,RB,10,1,15,12,80.0%,77,6.4,0,12,5.1,1.2,7.7,1,BrinCu00
245,Andre Brown,26,RB,10,2,17,12,70.6%,86,7.2,0,17,5.1,1.2,8.6,0,BrowAn03
246,Erik Lorig,26,TE,16,7,19,12,63.2%,83,6.9,1,16,4.4,0.8,5.2,0,LoriEr99
247,Bruce Miller,25,FB,16,13,13,12,92.3%,84,7.0,0,26,6.5,0.8,5.3,0,MillBr02
248,Devin Aromashodu,28,WR,15,0,22,11,50.0%,182,16.5,0,31,8.3,0.7,12.1,0,AromDe00
249,LaVon Brazill,23,WR,15,0,24,11,45.8%,186,16.9,1,42,7.8,0.7,12.4,1,BrazLa00
250,Henry Hynoski,24,FB,16,11,15,11,73.3%,50,4.5,1,8,3.3,0.7,3.1,0,HynoHe01
251,Greg Jones,31,RB,12,4,14,11,78.6%,64,5.8,0,10,4.6,0.9,5.3,0,JoneGr01
252,Jorvorskie Lane,25,FB,16,5,12,11,91.7%,79,7.2,1,24,6.6,0.7,4.9,3,LaneJo00
253,Brian Leonard,28,RB,15,0,15,11,73.3%,67,6.1,0,16,4.5,0.7,4.5,0,LeonBr00
254,Rishard Matthews,23,WR,8,1,20,11,55.0%,151,13.7,0,30,7.6,1.4,18.9,0,MattRi00
255,Alfred Morris,24,RB,16,16,16,11,68.8%,77,7.0,0,20,4.8,0.7,4.8,4,MorrAl00
256,Brian Quick,23,WR,15,1,27,11,40.7%,156,14.2,2,39,5.8,0.7,10.4,0,QuicBr00
257,Konrad Reuland,25,TE,16,3,16,11,68.8%,83,7.5,0,18,5.2,0.7,5.2,0,ReulKo00
258,Aldrick Robinson,24,WR,15,2,19,11,57.9%,237,21.5,3,68,12.5,0.7,15.8,0,RobiAl00
259,Ben Tate,24,RB,11,0,11,11,100.0%,49,4.5,0,11,4.5,1.0,4.5,1,TateBe00
260,David Thomas,29,TE,15,7,17,11,64.7%,86,7.8,4,20,5.1,0.7,5.7,0,ThomDa02
261,Kevin Elliott,24,WR,13,1,31,10,32.3%,108,10.8,0,22,3.5,0.8,8.3,0,ElliKe02
262,Peyton Hillis,26,RB,13,2,14,10,71.4%,62,6.2,0,15,4.4,0.8,4.8,2,HillPe00
263,Ronnie Hillman,21,RB,14,0,12,10,83.3%,62,6.2,0,29,5.2,0.7,4.4,2,HillRo00
264,Keshawn Martin,22,WR,16,1,28,10,35.7%,85,8.5,1,18,3.0,0.6,5.3,1,MartKe01
265,Joe Morgan,24,WR,14,5,21,10,47.6%,379,37.9,3,80,18.0,0.7,27.1,0,MorgJo01
266,Dante Rosario,28,TE,13,2,18,10,55.6%,95,9.5,3,18,5.3,0.8,7.3,1,RosaDa00
267,Kevin Smith,26,RB,12,2,16,10,62.5%,79,7.9,1,13,4.9,0.8,6.6,0,SmitKe02
268,Matt Willis,28,WR,15,0,22,10,45.5%,90,9.0,0,19,4.1,0.7,6.0,0,WillMa00
269,Donald Brown,25,RB,10,4,13,9,69.2%,93,10.3,0,39,7.2,0.9,9.3,0,BrowDo00
270,Michael Bush,28,RB,13,1,11,9,81.8%,83,9.2,0,18,7.5,0.7,6.4,1,BushMi00
271,Dorin Dickerson,24,TE,11,0,15,9,60.0%,117,13.0,0,24,7.8,0.8,10.6,1,DickDo00
272,Kendall Hunter,24,RB,11,0,12,9,75.0%,60,6.7,0,12,5.0,0.8,5.5,1,HuntKe00
273,Randy McMichael,33,TE,16,10,13,9,69.2%,51,5.7,0,13,3.9,0.6,3.2,1,McMiRa01
274,Rashard Mendenhall,25,RB,6,4,10,9,90.0%,62,6.9,1,15,6.2,1.5,10.3,3,MendRa00
275,Cedric Peerman,26,RB,14,1,9,9,100.0%,85,9.4,0,16,9.4,0.6,6.1,0,PeerCe00
276,Brandon Banks,25,WR,12,0,8,8,100.0%,15,1.9,0,8,1.9,0.7,1.3,4,BankBr00
277,John Carlson,28,TE,14,6,14,8,57.1%,43,5.4,0,14,3.1,0.6,3.1,0,CarlJo00
278,Orson Charles,21,TE,16,6,10,8,80.0%,101,12.6,0,25,10.1,0.5,6.3,0,CharOr00
279,Josh Cooper,23,WR,6,0,19,8,42.1%,106,13.3,0,28,5.6,1.3,17.7,0,CoopJo00
280,Terrance Copper,30,WR,15,0,12,8,66.7%,79,9.9,0,17,6.6,0.5,5.3,0,CoppTe00
281,Tom Crabtree,27,TE,14,6,12,8,66.7%,203,25.4,3,72,16.9,0.6,14.5,0,CrabTo00
282,Donald Driver,37,WR,13,1,13,8,61.5%,77,9.6,2,26,5.9,0.6,5.9,0,DrivDo00
283,Kris Durham,24,WR,4,3,21,8,38.1%,125,15.6,1,27,6.0,2.0,31.3,0,DurhKr00
284,James Hanna,23,TE,16,2,11,8,72.7%,86,10.8,0,29,7.8,0.5,5.4,0,HannJa00
285,Todd Heap,32,TE,2,1,13,8,61.5%,94,11.8,0,28,7.2,4.0,47.0,0,HeapTo00
286,Le'Ron McClain,28,FB,16,9,10,8,80.0%,29,3.6,0,12,2.9,0.5,1.8,0,McClLe00
287,Matthew Mulligan,27,TE,16,9,12,8,66.7%,84,10.5,1,18,7.0,0.5,5.3,0,MullMa00
288,Montell Owens,28,RB,13,4,10,8,80.0%,113,14.1,0,53,11.3,0.6,8.7,0,OwenMo01
289,Niles Paul,23,WR,16,4,15,8,53.3%,152,19.0,1,37,10.1,0.5,9.5,1,PaulNi00
290,John Phillips,25,TE,16,9,10,8,80.0%,55,6.9,1,19,5.5,0.5,3.4,0,PhilJo00
291,Jeremy Stewart,23,RB,4,0,8,8,100.0%,62,7.8,0,26,7.8,2.0,15.5,0,StewJe00
292,Shane Vereen,23,RB,13,1,13,8,61.5%,149,18.6,1,83,11.5,0.6,11.5,1,VereSh00
293,Darrel Young,25,FB,16,8,9,8,88.9%,109,13.6,2,28,12.1,0.5,6.8,0,YounDa01
294,David Ausberry,25,WR,16,0,12,7,58.3%,92,13.1,0,31,7.7,0.4,5.8,0,AusbDa00
295,Lance Ball,27,RB,15,0,12,7,58.3%,61,8.7,1,17,5.1,0.5,4.1,1,BallLa00
296,Steve Breaston,29,WR,10,4,15,7,46.7%,74,10.6,0,24,4.9,0.7,7.4,1,BreaSt00
297,Josh Cribbs*,29,WR,16,2,11,7,63.6%,63,9.0,0,24,5.7,0.4,3.9,6,CribJo01
298,Tandon Doss,23,WR,14,0,17,7,41.2%,123,17.6,1,39,7.2,0.5,8.8,0,DossTa00
299,Rhett Ellison,24,FB,16,7,9,7,77.8%,65,9.3,0,29,7.2,0.4,4.1,0,ElliRh00
300,Stanley Havili,25,RB,15,2,12,7,58.3%,43,6.1,0,9,3.6,0.5,2.9,0,HaviSt00
301,Roy Helu,24,RB,3,0,7,7,100.0%,45,6.4,0,21,6.4,2.3,15.0,0,HeluRo00
302,Jalen Parmele,27,RB,11,2,9,7,77.8%,60,8.6,0,26,6.7,0.6,5.5,0,ParmJa00
303,David Paulson,23,TE,16,5,11,7,63.6%,51,7.3,0,9,4.6,0.4,3.2,1,PaulDa01
304,Bernard Pierce,21,RB,16,0,11,7,63.6%,47,6.7,0,11,4.3,0.4,2.9,0,PierBe00
305,Ryan Whalen,23,WR,9,0,12,7,58.3%,53,7.6,0,10,4.4,0.8,5.9,0,WhalRy00
306,D.J. Williams,24,TE,13,2,15,7,46.7%,57,8.1,0,12,3.8,0.5,4.4,0,WillD.00
307,Ryan Williams,22,RB,5,3,10,7,70.0%,44,6.3,0,12,4.4,1.4,8.8,2,WillRy00
308,Gary Barnidge,27,TE,16,5,6,6,100.0%,78,13.0,1,24,13.0,0.4,4.9,0,BarnGa01
309,Lance Dunbar,22,RB,12,0,12,6,50.0%,33,5.5,0,14,2.8,0.5,2.8,1,DunbLa00
310,Mark Ingram,23,RB,16,5,10,6,60.0%,29,4.8,0,16,2.9,0.4,1.8,0,IngrMa01
311,Lestar Jean,24,WR,14,1,12,6,50.0%,151,25.2,1,54,12.6,0.4,10.8,0,JeanLe01
312,Stefan Logan,31,RB,16,0,7,6,85.7%,28,4.7,0,10,4.0,0.4,1.8,6,LogaSt00
313,Lamar Miller,21,RB,13,1,8,6,75.0%,45,7.5,0,12,5.6,0.5,3.5,0,MillLa01
314,Marlon Moore,25,WR,14,2,9,6,66.7%,116,19.3,1,37,12.9,0.4,8.3,0,MoorMa02
315,Mewelde Moore,30,RB,9,0,8,6,75.0%,77,12.8,1,32,9.6,0.7,8.6,1,MoorMe00
316,Michael Palmer,24,TE,13,2,6,6,100.0%,22,3.7,1,6,3.7,0.5,1.7,0,PalmMi00
317,DeVier Posey,22,WR,11,0,14,6,42.9%,87,14.5,0,36,6.2,0.5,7.9,0,PoseDe00
318,Stevan Ridley,23,RB,16,12,14,6,42.9%,51,8.5,0,20,3.6,0.4,3.2,4,RidlSt00
319,Matt Spaeth,29,TE,16,8,10,6,60.0%,28,4.7,1,13,2.8,0.4,1.8,0,SpaeMa00
320,Taylor Thompson,23,TE,16,4,14,6,42.9%,46,7.7,0,12,3.3,0.4,2.9,0,ThomTa00
321,Devon Wylie,24,WR,6,1,12,6,50.0%,53,8.8,0,16,4.4,1.0,8.8,0,WyliDe00
322,Jarrett Boykin,23,WR,10,0,6,5,83.3%,27,5.4,0,9,4.5,0.5,2.7,0,BoykJa00
323,Stephen Burton,23,WR,12,1,11,5,45.5%,35,7.0,1,13,3.2,0.4,2.9,0,BurtSt00
324,Travaris Cadet,23,RB,13,0,8,5,62.5%,44,8.8,0,17,5.5,0.4,3.4,1,CadeTr00
325,Armanti Edwards,24,QB,16,0,9,5,55.6%,121,24.2,0,82,13.4,0.3,7.6,0,EdwaAr00
326,Virgil Green,24,TE,12,2,6,5,83.3%,63,12.6,0,28,10.5,0.4,5.3,0,GreeVi00
327,Lavelle Hawkins,26,WR,7,1,11,5,45.5%,62,12.4,0,42,5.6,0.7,8.9,0,HawkLa00
328,Michael Hoomanawanui,24,TE,14,6,7,5,71.4%,109,21.8,0,41,15.6,0.4,7.8,0,HoomMi00
329,Quinn Johnson,26,FB,16,8,8,5,62.5%,40,8.0,0,17,5.0,0.3,2.5,0,JohnQu00
330,Steve Maneri,24,TE,13,8,12,5,41.7%,51,10.2,0,19,4.3,0.4,3.9,0,ManeSt00
331,Jamar Newsome,25,WR,6,2,16,5,31.3%,73,14.6,0,28,4.6,0.8,12.2,0,NewsJa00
332,Michael Preston,23,WR,4,0,6,5,83.3%,59,11.8,0,21,9.8,1.3,14.8,0,PresMi00
333,David Reed,25,WR,5,0,6,5,83.3%,66,13.2,0,23,11.0,1.0,13.2,0,ReedDa00
334,Darius Reynaud,28,WR,16,0,10,5,50.0%,35,7.0,0,9,3.5,0.3,2.2,1,ReynDa00
335,Anthony Sherman,24,RB,13,4,8,5,62.5%,39,7.8,0,19,4.9,0.4,3.0,0,SherAn00
336,Deonte Thompson,23,WR,6,0,6,5,83.3%,51,10.2,0,25,8.5,0.8,8.5,1,ThomDe04
337,Kyle Adams,24,TE,15,2,8,4,50.0%,40,10.0,0,17,5.0,0.3,2.7,0,AdamKy00
338,Baron Batch,25,RB,12,0,5,4,80.0%,31,7.8,0,15,6.2,0.3,2.6,0,BatcBa00
339,Arrelious Benn,24,WR,8,1,6,4,66.7%,26,6.5,0,9,4.3,0.5,3.3,1,BennAr00
340,Greg Camarillo,30,WR,5,0,5,4,80.0%,44,11.0,0,13,8.8,0.8,8.8,0,CamaGr00
341,Garrett Celek,24,TE,13,0,7,4,57.1%,51,12.8,0,35,7.3,0.3,3.9,0,CeleGa00
342,Tashard Choice,28,RB,12,0,9,4,44.4%,9,2.3,0,5,1.0,0.3,0.8,0,ChoiTa00
343,Drew Davis,23,WR,16,0,5,4,80.0%,40,10.0,1,15,8.0,0.3,2.5,0,DaviDr00
344,Daniel Fells,29,TE,13,4,10,4,40.0%,85,21.3,0,35,8.5,0.3,6.5,0,FellDa00
345,Jabar Gaffney,32,WR,3,0,10,4,40.0%,68,17.0,0,30,6.8,1.3,22.7,0,GaffJa00
346,Ladarius Green,22,TE,4,1,4,4,100.0%,56,14.0,0,31,14.0,1.0,14.0,0,GreeLa00
347,Lex Hilliard,28,FB-RB,14,9,9,4,44.4%,23,5.8,0,9,2.6,0.3,1.6,0,HillLe00
348,Charly Martin,28,WR,4,1,6,4,66.7%,42,10.5,0,15,7.0,1.0,10.5,0,MartCh00
349,Ruvell Martin,30,WR,14,0,6,4,66.7%,41,10.3,0,16,6.8,0.3,2.9,0,MartRu00
350,Mike McNeill,24,TE,14,1,7,4,57.1%,31,7.8,0,10,4.4,0.3,2.2,0,McNeMi00
351,Ben Obomanu,29,WR,8,0,9,4,44.4%,58,14.5,0,36,6.4,0.5,7.3,0,ObomBe00
352,Bear Pascoe,26,TE,15,3,9,4,44.4%,35,8.8,1,16,3.9,0.3,2.3,0,PascBe00
353,Brian Robiskie,25,WR,6,0,6,4,66.7%,44,11.0,1,21,7.3,0.7,7.3,0,RobiBr00
354,Evan Rodriguez,24,TE,12,5,8,4,50.0%,21,5.3,0,11,2.6,0.3,1.8,0,RodrEv00
355,Lee Smith,25,WR,16,7,4,4,100.0%,13,3.3,2,5,3.3,0.3,0.8,0,SmitLe00
356,James Starks,26,RB,6,2,6,4,66.7%,31,7.8,0,9,5.2,0.7,5.2,1,StarJa00
357,Phillip Tanner,24,RB,14,0,5,4,80.0%,41,10.3,0,15,8.2,0.3,2.9,0,TannPh00
358,Leon Washington*,30,RB,16,0,8,4,50.0%,31,7.8,0,9,3.9,0.3,1.9,2,WashLe00
359,David Wilson,21,RB,16,2,9,4,44.4%,34,8.5,1,15,3.8,0.3,2.1,1,WilsDa01
360,Seyi Ajirotutu,25,WR,3,1,4,3,75.0%,45,15.0,0,28,11.3,1.0,15.0,0,AjirSe00
361,Anthony Armstrong,29,WR,6,0,9,3,33.3%,12,4.0,0,9,1.3,0.5,2.0,0,ArmsAn00
362,Kevin Boss,28,TE,2,2,3,3,100.0%,65,21.7,1,29,21.7,1.5,32.5,0,BossKe00
363,Plaxico Burress,35,WR,4,3,7,3,42.9%,42,14.0,1,18,6.0,0.8,10.5,0,BurrPl00
364,Nate Byham,24,TE,11,2,4,3,75.0%,18,6.0,1,10,4.5,0.3,1.6,0,ByhaNa00
365,Toney Clemons,24,WR,4,0,11,3,27.3%,41,13.7,0,17,3.7,0.8,10.3,0,ClemTo00
366,Mike Cox,27,FB,8,7,3,3,100.0%,22,7.3,0,11,7.3,0.4,2.8,0,Cox_Mi20
367,Jerome Felton*,26,FB,16,7,4,3,75.0%,35,11.7,0,17,8.8,0.2,2.2,0,FeltJe00
368,Justin Forsett,27,RB,16,0,5,3,60.0%,38,12.7,0,18,7.6,0.2,2.4,0,ForsJu00
369,LaMichael James,23,RB,4,0,5,3,60.0%,29,9.7,0,15,5.8,0.8,7.3,1,JameLa00
370,Jerrel Jernigan,23,WR,9,0,5,3,60.0%,22,7.3,0,9,4.4,0.3,2.4,1,JernJe00
371,Jermaine Kearse,22,WR,7,1,7,3,42.9%,31,10.3,0,17,4.4,0.4,4.4,0,KearJe01
372,Jake O'Connell,27,TE,8,0,3,3,100.0%,18,6.0,0,11,6.0,0.4,2.3,0,OConJa00
373,Isaiah Pead,23,RB,15,1,4,3,75.0%,16,5.3,0,9,4.0,0.2,1.1,2,PeadIs00
374,Patrick Peterson*,22,LCB,16,16,3,3,100.0%,11,3.7,0,7,3.7,0.2,0.7,7,PetePa00
375,Leonard Pope,29,TE,16,2,4,3,75.0%,9,3.0,2,7,2.3,0.2,0.6,0,PopeLe00
376,Javon Ringer,25,RB,2,0,5,3,60.0%,12,4.0,0,6,2.4,1.5,6.0,0,RingJa00
377,Keith Toston,25,RB,5,1,4,3,75.0%,41,13.7,0,21,10.3,0.6,8.2,0,TostKe00
378,Kris Adams,25,WR,3,0,8,2,25.0%,26,13.0,0,13,3.3,0.7,8.7,0,AdamKr00
379,Anthony Allen,24,RB,16,0,4,2,50.0%,12,6.0,0,7,3.0,0.1,0.8,0,AlleAn01
380,Armando Allen,23,RB,15,0,3,2,66.7%,16,8.0,0,15,5.3,0.1,1.1,0,AlleAr00
381,Kahlil Bell,26,RB,7,0,2,2,100.0%,13,6.5,0,11,6.5,0.3,1.9,1,BellKa00
382,Brandon Bolden,22,RB,10,0,2,2,100.0%,11,5.5,0,11,5.5,0.2,1.1,0,BoldBr00
383,Dezmon Briscoe,23,WR,7,0,5,2,40.0%,22,11.0,0,14,4.4,0.3,3.1,0,BrisDe00
384,Jim Dray,26,TE,13,0,2,2,100.0%,15,7.5,0,12,7.5,0.2,1.2,0,DrayJi00
385,Mardy Gilyard,26,WR,8,0,6,2,33.3%,15,7.5,0,11,2.5,0.3,1.9,0,GilyMa00
386,Ted Ginn Jr.,27,WR,13,0,2,2,100.0%,1,0.5,0,1,0.5,0.2,0.1,4,GinnTe00
387,Richard Gordon,25,TE,13,1,7,2,28.6%,9,4.5,1,8,1.3,0.2,0.7,0,GordRi00
388,Cyrus Gray,23,RB,10,0,3,2,66.7%,18,9.0,0,12,6.0,0.2,1.8,0,GrayCy00
389,Jonathan Grimes,23,RB,11,2,2,2,100.0%,7,3.5,0,4,3.5,0.2,0.6,0,GrimJo01
390,Montario Hardesty,25,RB,13,1,5,2,40.0%,16,8.0,0,9,3.2,0.2,1.2,2,HardMo00
391,DuJuan Harris,24,RB,4,2,2,2,100.0%,17,8.5,0,11,8.5,0.5,4.3,0,HarrDu01
392,Ben Hartsock,32,TE,15,5,3,2,66.7%,30,15.0,0,25,10.0,0.1,2.0,0,HartBe00
393,Jason Hill,27,WR,4,0,3,2,66.7%,15,7.5,1,10,5.0,0.5,3.8,0,HillJa00
394,Trindon Holliday,26,WR,15,0,2,2,100.0%,17,8.5,0,15,8.5,0.1,1.1,6,HollTr00
395,Andre Holmes,24,WR,7,0,2,2,100.0%,11,5.5,0,7,5.5,0.3,1.6,0,HolmAn00
396,Chris Ivory,24,RB,6,2,3,2,66.7%,15,7.5,0,13,5.0,0.3,2.5,0,IvorCh00
397,Brandon Jackson,27,RB,2,0,4,2,50.0%,20,10.0,0,14,5.0,1.0,10.0,0,JackBr00
398,Taiwan Jones,24,RB,14,0,2,2,100.0%,11,5.5,0,7,5.5,0.1,0.8,1,JoneTa00
399,Dion Lewis,22,RB,9,0,2,2,100.0%,24,12.0,0,28,12.0,0.2,2.7,0,LewiDi00
400,David Nelson,26,WR,1,1,5,2,40.0%,31,15.5,0,21,6.2,2.0,31.0,0,NelsDa01
401,Kealoha Pilares,24,WR,8,0,4,2,50.0%,42,21.0,1,36,10.5,0.3,5.3,0,PilaKe00
402,Zach Potter,26,TE,16,5,7,2,28.6%,6,3.0,0,4,0.9,0.1,0.4,0,PottZa99
403,Weslye Saunders,23,TE,11,4,4,2,50.0%,15,7.5,0,11,3.8,0.2,1.4,0,SaunWe00
404,Alfonso Smith,25,RB,11,0,3,2,66.7%,21,10.5,0,13,7.0,0.2,1.9,0,SmitAl22
405,Eric Weems,27,WR,16,1,4,2,50.0%,27,13.5,0,18,6.8,0.1,1.7,1,WeemEr00
406,Guy Whimper,29,RT,16,6,3,2,66.7%,11,5.5,1,10,3.7,0.1,0.7,0,WhimGu20
407,Keiland Williams,26,RB,14,0,2,2,100.0%,9,4.5,0,5,4.5,0.1,0.6,0,WillKe03
408,Joe Adams,23,WR,9,0,1,1,100.0%,7,7.0,0,7,7.0,0.1,0.8,4,AdamJo01
409,Matt Asiata,25,RB,16,0,1,1,100.0%,2,2.0,0,2,2.0,0.1,0.1,0,AsiaMa00
410,Nick Bellore,23,LB,16,0,1,1,100.0%,23,23.0,0,23,23.0,0.1,1.4,1,BellNi01
411,LeGarrette Blount,26,RB,13,0,2,1,50.0%,2,2.0,0,2,1.0,0.1,0.2,0,BlouLe00
412,LaRon Byrd,23,WR,4,0,2,1,50.0%,8,8.0,0,8,4.0,0.3,2.0,0,ByrdLa00
413,Andre Caldwell,27,WR,8,0,4,1,25.0%,18,18.0,0,18,4.5,0.1,2.3,0,CaldAn00
414,Delone Carter,25,RB,10,0,2,1,50.0%,13,13.0,0,13,6.5,0.1,1.3,1,CartDe01
415,Shaun Chapas,24,RB,3,1,2,1,50.0%,6,6.0,0,6,3.0,0.3,2.0,0,ChapSh00
416,Jeromey Clary,29,RT,14,14,1,1,100.0%,-8,-8.0,0,-8,-8.0,0.1,-0.6,0,ClarJe20
417,Chase Coffman,26,TE,5,0,1,1,100.0%,12,12.0,0,12,12.0,0.2,2.4,0,CoffCh00
418,Austin Collie,27,WR,1,0,1,1,100.0%,6,6.0,0,6,6.0,1.0,6.0,0,CollAu00
419,Chris Cooley,30,TE,9,2,3,1,33.3%,8,8.0,0,8,2.7,0.1,0.9,0,CoolCh00
420,Antonio Cromartie*,28,RCB,16,16,3,1,33.3%,-2,-2.0,0,-2,-0.7,0.1,-0.1,0,CromAn20
421,Nate Eachus,22,RB,11,2,3,1,33.3%,19,19.0,0,19,6.3,0.1,1.7,0,EachNa00
422,Dedrick Epps,24,TE,3,0,1,1,100.0%,9,9.0,0,9,9.0,0.3,3.0,1,EppsDe00
423,Tommy Gallarda,24,TE,9,0,4,1,25.0%,7,7.0,0,7,1.8,0.1,0.8,0,GallTo00
424,Ryan Grant,30,RB,5,1,2,1,50.0%,34,34.0,0,34,17.0,0.2,6.8,1,GranRy00
425,Chris Gronkowski,26,RB,14,0,1,1,100.0%,11,11.0,0,11,11.0,0.1,0.8,0,GronCh00
426,Cory Harkey,22,TE,5,0,2,1,50.0%,21,21.0,0,21,10.5,0.2,4.2,0,HarkCo00
427,Jamie Harper,23,RB,10,0,1,1,100.0%,8,8.0,0,8,8.0,0.1,0.8,0,HarpJa01
428,Chad Henne,27,QB,10,6,0,1,0.0%,-6,-6.0,0,-6,,0.1,-0.6,4,HennCh01
429,Jacob Hester,27,RB,3,0,1,1,100.0%,7,7.0,0,7,7.0,0.3,2.3,0,HestJa00
430,Michael Higgins,25,TE,2,1,1,1,100.0%,-3,-3.0,0,-3,-3.0,0.5,-1.5,0,HiggMi00
431,Robert Hughes,23,RB,5,1,1,1,100.0%,3,3.0,0,3,3.0,0.2,0.6,0,HughRo00
432,Mike Johnson,25,G,16,1,1,1,100.0%,1,1.0,1,1,1.0,0.1,0.1,0,JohnMi23
433,Dominique Jones,25,TE,4,1,1,1,100.0%,8,8.0,0,8,8.0,0.3,2.0,0,JoneDo01
434,Senio Kelemete,22,G,1,0,1,1,100.0%,10,10.0,0,10,10.0,1.0,10.0,0,KeleSe00
435,Lance Louis,27,RG,11,11,1,1,100.0%,4,4.0,0,4,4.0,0.1,0.4,0,LouiLa20
436,Reagan Maui'a,28,RB,3,1,1,1,100.0%,7,7.0,0,7,7.0,0.3,2.3,0,MauiRe00
437,Corey McIntyre,33,FB,16,3,2,1,50.0%,9,9.0,0,9,4.5,0.1,0.6,0,McInCo00
438,Joe McKnight,24,RB,15,0,2,1,50.0%,18,18.0,0,18,9.0,0.1,1.2,3,McKnJo00
439,Rodney McLeod,22,DB,16,0,1,1,100.0%,21,21.0,0,21,21.0,0.1,1.3,0,McLeRo00
440,Evan Moore,27,WR,15,1,8,1,12.5%,6,6.0,0,6,0.8,0.1,0.4,0,MoorEv00
441,Legedu Naanee,29,WR,4,1,5,1,20.0%,19,19.0,0,19,3.8,0.3,4.8,1,NaanLe00
442,Chris Owusu,22,WR,5,0,4,1,25.0%,24,24.0,0,24,6.0,0.2,4.8,0,OwusCh00
443,Nathan Palmer,23,WR,5,0,4,1,25.0%,-4,-4.0,0,-4,-1.0,0.2,-0.8,0,PalmNa00
444,Lousaka Polite,31,FB,6,5,7,1,14.3%,8,8.0,0,8,1.1,0.2,1.3,0,PoliLo00
445,Christian Ponder,24,QB,16,16,1,1,100.0%,-15,-15.0,0,-15,-15.0,0.1,-0.9,7,PondCh00
446,Chris Pressley,26,FB,14,7,3,1,33.3%,1,1.0,1,1,0.3,0.1,0.1,0,PresCh00
447,Terrelle Pryor,23,QB,3,1,1,1,100.0%,22,22.0,0,22,22.0,0.3,7.3,0,PryoTe00
448,Allen Reisner,24,TE,6,2,2,1,50.0%,13,13.0,0,13,6.5,0.2,2.2,0,ReisAl00
449,Courtney Roby,29,WR,13,0,2,1,50.0%,9,9.0,0,9,4.5,0.1,0.7,0,RobyCo00
450,Aaron Rodgers*,29,QB,16,16,1,1,100.0%,-1,-1.0,0,-1,-1.0,0.1,-0.1,5,RodgAa00
451,Tony Romo,32,QB,16,16,1,1,100.0%,-1,-1.0,0,-1,-1.0,0.1,-0.1,6,RomoTo00
452,Dane Sanzenbacher,24,WR,7,2,3,1,33.3%,7,7.0,0,7,2.3,0.1,1.0,0,SanzDa00
453,Matt Schaub*,31,QB,16,16,1,1,100.0%,-6,-6.0,0,-6,-6.0,0.1,-0.4,4,SchaMa00
454,Brad Smelley,23,TE,2,0,1,1,100.0%,3,3.0,0,3,3.0,0.5,1.5,0,SmelBr00
455,Hayden Smith,27,TE,5,0,1,1,100.0%,16,16.0,0,16,16.0,0.2,3.2,0,SmitHa01
456,Matthew Stafford,24,QB,16,16,1,1,100.0%,3,3.0,0,3,3.0,0.1,0.2,6,StafMa00
457,Donte' Stallworth,32,WR,1,0,2,1,50.0%,63,63.0,1,63,31.5,1.0,63.0,0,StalDo00
458,Isaiah Stanback,28,WR,6,0,1,1,100.0%,6,6.0,0,6,6.0,0.2,1.0,0,StanIs00
459,Sammie Stroughter,26,WR,2,0,2,1,50.0%,14,14.0,0,14,7.0,0.5,7.0,0,StroSa00
460,Will Ta'ufo'ou,26,RB,6,1,1,1,100.0%,5,5.0,0,5,5.0,0.2,0.8,0,TaufWi00
461,Ryan Taylor,25,TE,16,1,1,1,100.0%,11,11.0,0,11,11.0,0.1,0.7,0,TaylRy00
462,Marcus Thigpen,26,RB,16,0,2,1,50.0%,15,15.0,0,15,7.5,0.1,0.9,1,ThigMa00
463,Jordan Todman,22,RB,1,0,1,1,100.0%,0,0.0,0,0,0.0,1.0,0.0,0,TodmJo00
464,Mitch Unrein,25,DE,16,2,1,1,100.0%,1,1.0,1,1,1.0,0.1,0.1,0,UnreMi00
465,Beanie Wells,24,RB,8,7,1,1,100.0%,24,24.0,0,24,24.0,0.1,3.0,1,WellCh00
466,Jordan White,24,WR,3,0,3,1,33.3%,13,13.0,0,13,4.3,0.3,4.3,0,WhitJo02
467,Kellen Winslow,29,TE,1,0,2,1,50.0%,12,12.0,0,12,6.0,1.0,12.0,0,WinsKe01
468,Billy Bajema,30,TE,8,1,1,0,0.0%,0,,0,0,0.0,0.0,0.0,,BajeBi00
469,Zane Beadles*,26,LG,16,16,1,0,0.0%,0,,0,0,0.0,0.0,0.0,,BeadZa20
470,Will Beatty,27,LT,16,15,1,0,0.0%,0,,0,0,0.0,0.0,0.0,,BeatWi20
471,Travis Beckum,25,TE,4,0,1,0,0.0%,0,,0,0,0.0,0.0,0.0,,BeckTr00
472,Richie Brockel,26,TE,16,0,1,0,0.0%,0,,0,0,0.0,0.0,0.0,,BrocRi00
473,Mike Brown,23,WR,2,1,1,0,0.0%,0,,0,0,0.0,0.0,0.0,,BrowMi00
474,Willie Colon,29,LG,11,11,1,0,0.0%,0,,0,0,0.0,0.0,0.0,0,ColoWi20
475,Kevin Cone,24,WR,12,0,1,0,0.0%,0,,0,0,0.0,0.0,0.0,,ConeKe00
476,John Conner,25,RB,5,2,2,0,0.0%,0,,0,0,0.0,0.0,0.0,,ConnJo00
477,Patrick DiMarco,23,RB,5,4,1,0,0.0%,0,,0,0,0.0,0.0,0.0,,DiMaPa00
478,Trent Edwards,29,QB,1,0,1,0,0.0%,0,,0,0,0.0,0.0,0.0,0,EdwaTr01
479,Andrew Gardner,26,T,3,0,1,0,0.0%,0,,0,0,0.0,0.0,0.0,,GardAn20
480,David Gilreath,24,WR,3,0,2,0,0.0%,0,,0,0,0.0,0.0,0.0,0,GilrDa00
481,Richard Goodman,25,WR,7,0,2,0,0.0%,0,,0,0,0.0,0.0,0.0,0,GoodRi00
482,Robert Griffin III*,22,QB,15,15,1,0,0.0%,0,,0,0,0.0,0.0,0.0,12,GrifRo01
483,Jordan Gross,32,LT,16,16,1,0,0.0%,1,,0,1,1.0,0.0,0.1,0,GrosJo20
484,Joe Hawley,24,G,6,0,2,0,0.0%,0,,0,0,0.0,0.0,0.0,,HawlJo20
485,Dan Herron,23,RB,3,0,1,0,0.0%,0,,0,0,0.0,0.0,0.0,0,HerrDa00
486,A.J. Jenkins,23,WR,3,0,1,0,0.0%,0,,0,0,0.0,0.0,0.0,,JenkA.00
487,Jake Locker,24,QB,11,11,1,0,0.0%,0,,0,0,0.0,0.0,0.0,4,LockJa00
488,Kregg Lumpkin,28,RB,5,0,2,0,0.0%,0,,0,0,0.0,0.0,0.0,1,LumpKr00
489,Owen Marecic,24,RB,10,2,5,0,0.0%,0,,0,0,0.0,0.0,0.0,,MareOw00
490,Marvin McNutt,23,WR,4,0,2,0,0.0%,0,,0,0,0.0,0.0,0.0,,McNuMa00
491,Brit Miller,26,LB,9,1,4,0,0.0%,0,,0,0,0.0,0.0,0.0,1,MillBr01
492,Matt Moore,28,QB,2,0,3,0,0.0%,0,,0,0,0.0,0.0,0.0,0,MoorMa01
493,Richard Murphy,26,RB,5,0,1,0,0.0%,0,,0,0,0.0,0.0,0.0,0,MurpRi00
494,Cam Newton,23,QB,16,16,1,0,0.0%,6,,0,6,6.0,0.0,0.4,10,NewtCa00
495,Preston Parker,25,WR,2,0,2,0,0.0%,0,,0,0,0.0,0.0,0.0,0,ParkPr00
496,Brady Quinn,28,QB,10,8,1,0,0.0%,0,,0,0,0.0,0.0,0.0,1,QuinBr00
497,Philip Rivers,31,QB,16,16,1,0,0.0%,0,,0,0,0.0,0.0,0.0,15,RivePh00
498,Visanthe Shiancoe,32,TE,4,0,1,0,0.0%,0,,0,0,0.0,0.0,0.0,,ShiaVi00
499,Antone Smith,27,RB,13,0,1,0,0.0%,0,,0,0,0.0,0.0,0.0,,SmitAn01
500,Max Starks,30,LT,16,16,1,0,0.0%,0,,0,0,0.0,0.0,0.0,1,StarMa21
501,Tim Tebow,25,QB,12,2,1,0,0.0%,0,,0,0,0.0,0.0,0.0,0,TeboTi00
502,Matt Tennant,25,C,8,0,1,0,0.0%,0,,0,0,0.0,0.0,0.0,,TennMa20
503,Patrick Turner,25,WR,2,0,5,0,0.0%,0,,0,0,0.0,0.0,0.0,,TurnPa00
504,Robert Turner,28,C/LG,16,16,1,0,0.0%,4,,0,4,4.0,0.0,0.3,0,TurnRo22
505,Brandon Weeden,29,QB,15,15,1,0,0.0%,-9,,0,-9,-9.0,0.0,-0.6,6,WeedBr00