week,home_team,away_team,predicted_winner,actual_winner,correct,home_win_percentage,away_win_percentage,percentage_correct
1,Los Angeles Rams,Buffalo Bills,Buffalo Bills,Buffalo Bills,Yes,0.4,0.6,0.5698324022346368
1,Atlanta Falcons,New Orleans Saints,Atlanta Falcons,New Orleans Saints,No,0.62,0.38,
1,Carolina Panthers,Cleveland Browns,Cleveland Browns,Cleveland Browns,Yes,0.33,0.6699999999999999,
1,Chicago Bears,San Francisco 49ers,San Francisco 49ers,Chicago Bears,No,0.23,0.77,
1,Cincinnati Bengals,Pittsburgh Steelers,Cincinnati Bengals,Pittsburgh Steelers,No,0.75,0.25,
1,Detroit Lions,Philadelphia Eagles,Philadelphia Eagles,Philadelphia Eagles,Yes,0.1,0.9,
1,Houston Texans,Indianapolis Colts,Indianapolis Colts,Tie or Not Played yet,Tie or Not Played yet,0.03,0.97,
1,Miami Dolphins,New England Patriots,New England Patriots,Miami Dolphins,No,0.08,0.92,
1,New York Jets,Baltimore Ravens,Baltimore Ravens,Baltimore Ravens,Yes,0.24,0.76,
1,Washington Commanders,Jacksonville Jaguars,Washington Commanders,Washington Commanders,Yes,0.86,0.14,
1,Arizona Cardinals,Kansas City Chiefs,Kansas City Chiefs,Kansas City Chiefs,Yes,0.49,0.51,
1,Minnesota Vikings,Green Bay Packers,Green Bay Packers,Minnesota Vikings,No,0.05,0.95,
1,Tennessee Titans,New York Giants,Tennessee Titans,New York Giants,No,0.87,0.13,
1,Los Angeles Chargers,Las Vegas Raiders,Los Angeles Chargers,Los Angeles Chargers,Yes,0.79,0.20999999999999996,
1,Dallas Cowboys,Tampa Bay Buccaneers,Tampa Bay Buccaneers,Tampa Bay Buccaneers,Yes,0.45,0.55,
1,Seattle Seahawks,Denver Broncos,Denver Broncos,Seattle Seahawks,No,0.18,0.8200000000000001,
2,Kansas City Chiefs,Los Angeles Chargers,Kansas City Chiefs,Kansas City Chiefs,Yes,0.52,0.48,
2,Cleveland Browns,New York Jets,Cleveland Browns,New York Jets,No,0.6,0.4,
2,Detroit Lions,Washington Commanders,Washington Commanders,Detroit Lions,No,0.33,0.6699999999999999,
2,Jacksonville Jaguars,Indianapolis Colts,Indianapolis Colts,Jacksonville Jaguars,No,0.02,0.98,
2,New Orleans Saints,Tampa Bay Buccaneers,Tampa Bay Buccaneers,Tampa Bay Buccaneers,Yes,0.17,0.83,
2,New York Giants,Carolina Panthers,New York Giants,New York Giants,Yes,0.58,0.42000000000000004,
2,Pittsburgh Steelers,New England Patriots,New England Patriots,New England Patriots,Yes,0.1,0.9,
2,Baltimore Ravens,Miami Dolphins,Baltimore Ravens,Miami Dolphins,No,0.61,0.39,
2,Los Angeles Rams,Atlanta Falcons,Los Angeles Rams,Los Angeles Rams,Yes,0.74,0.26,
2,San Francisco 49ers,Seattle Seahawks,San Francisco 49ers,San Francisco 49ers,Yes,0.76,0.24,
2,Dallas Cowboys,Cincinnati Bengals,Cincinnati Bengals,Dallas Cowboys,No,0.33,0.6699999999999999,
2,Denver Broncos,Houston Texans,Denver Broncos,Denver Broncos,Yes,0.91,0.08999999999999997,
2,Las Vegas Raiders,Arizona Cardinals,Arizona Cardinals,Arizona Cardinals,Yes,0.15,0.85,
2,Green Bay Packers,Chicago Bears,Green Bay Packers,Green Bay Packers,Yes,0.99,0.010000000000000009,
2,Buffalo Bills,Tennessee Titans,Tennessee Titans,Buffalo Bills,No,0.39,0.61,
2,Philadelphia Eagles,Minnesota Vikings,Philadelphia Eagles,Philadelphia Eagles,Yes,0.75,0.25,
3,Cleveland Browns,Pittsburgh Steelers,Pittsburgh Steelers,Cleveland Browns,No,0.38,0.62,
3,Carolina Panthers,New Orleans Saints,New Orleans Saints,Carolina Panthers,No,0.3,0.7,
3,Chicago Bears,Houston Texans,Chicago Bears,Chicago Bears,Yes,0.52,0.48,
3,Indianapolis Colts,Kansas City Chiefs,Indianapolis Colts,Indianapolis Colts,Yes,0.76,0.24,
3,Miami Dolphins,Buffalo Bills,Buffalo Bills,Miami Dolphins,No,0.17,0.83,
3,Minnesota Vikings,Detroit Lions,Minnesota Vikings,Minnesota Vikings,Yes,0.79,0.20999999999999996,
3,New England Patriots,Baltimore Ravens,New England Patriots,Baltimore Ravens,No,0.85,0.15000000000000002,
3,New York Jets,Cincinnati Bengals,Cincinnati Bengals,Cincinnati Bengals,Yes,0.09,0.91,
3,Tennessee Titans,Las Vegas Raiders,Tennessee Titans,Tennessee Titans,Yes,0.76,0.24,
3,Washington Commanders,Philadelphia Eagles,Philadelphia Eagles,Philadelphia Eagles,Yes,0.28,0.72,
3,Los Angeles Chargers,Jacksonville Jaguars,Los Angeles Chargers,Jacksonville Jaguars,No,0.97,0.030000000000000027,
3,Arizona Cardinals,Los Angeles Rams,Arizona Cardinals,Los Angeles Rams,No,0.6,0.4,
3,Seattle Seahawks,Atlanta Falcons,Atlanta Falcons,Atlanta Falcons,Yes,0.37,0.63,
3,Tampa Bay Buccaneers,Green Bay Packers,Green Bay Packers,Green Bay Packers,Yes,0.09,0.91,
3,Denver Broncos,San Francisco 49ers,Denver Broncos,Denver Broncos,Yes,0.58,0.42000000000000004,
3,New York Giants,Dallas Cowboys,Dallas Cowboys,Dallas Cowboys,Yes,0.17,0.83,
4,Cincinnati Bengals,Miami Dolphins,Cincinnati Bengals,Cincinnati Bengals,Yes,0.87,0.13,
4,New Orleans Saints,Minnesota Vikings,Minnesota Vikings,Minnesota Vikings,Yes,0.41,0.5900000000000001,
4,Atlanta Falcons,Cleveland Browns,Atlanta Falcons,Atlanta Falcons,Yes,0.69,0.31000000000000005,
4,Indianapolis Colts,Tennessee Titans,Indianapolis Colts,Tennessee Titans,No,0.75,0.25,
4,Dallas Cowboys,Washington Commanders,Dallas Cowboys,Dallas Cowboys,Yes,0.55,0.44999999999999996,
4,Detroit Lions,Seattle Seahawks,Seattle Seahawks,Seattle Seahawks,Yes,0.32,0.6799999999999999,
4,Houston Texans,Los Angeles Chargers,Los Angeles Chargers,Los Angeles Chargers,Yes,0.05,0.95,
4,New York Giants,Chicago Bears,New York Giants,New York Giants,Yes,0.62,0.38,
4,Philadelphia Eagles,Jacksonville Jaguars,Philadelphia Eagles,Philadelphia Eagles,Yes,0.96,0.040000000000000036,
4,Pittsburgh Steelers,New York Jets,Pittsburgh Steelers,New York Jets,No,0.82,0.18000000000000005,
4,Baltimore Ravens,Buffalo Bills,Buffalo Bills,Buffalo Bills,Yes,0.27,0.73,
4,Carolina Panthers,Arizona Cardinals,Arizona Cardinals,Arizona Cardinals,Yes,0.04,0.96,
4,Green Bay Packers,New England Patriots,Green Bay Packers,Green Bay Packers,Yes,0.7,0.30000000000000004,
4,Las Vegas Raiders,Denver Broncos,Denver Broncos,Las Vegas Raiders,No,0.47,0.53,
4,Tampa Bay Buccaneers,Kansas City Chiefs,Kansas City Chiefs,Kansas City Chiefs,Yes,0.41,0.5900000000000001,
4,San Francisco 49ers,Los Angeles Rams,Los Angeles Rams,San Francisco 49ers,No,0.37,0.63,
5,Denver Broncos,Indianapolis Colts,Indianapolis Colts,Indianapolis Colts,Yes,0.16,0.84,
5,Green Bay Packers,New York Giants,Green Bay Packers,New York Giants,No,0.98,0.020000000000000018,
5,Buffalo Bills,Pittsburgh Steelers,Buffalo Bills,Buffalo Bills,Yes,0.63,0.37,
5,Cleveland Browns,Los Angeles Chargers,Los Angeles Chargers,Los Angeles Chargers,Yes,0.1,0.9,
5,Jacksonville Jaguars,Houston Texans,Houston Texans,Houston Texans,Yes,0.21,0.79,
5,Minnesota Vikings,Chicago Bears,Minnesota Vikings,Minnesota Vikings,Yes,0.77,0.22999999999999998,
5,New Orleans Saints,Seattle Seahawks,New Orleans Saints,New Orleans Saints,Yes,0.51,0.49,
5,New England Patriots,Detroit Lions,New England Patriots,New England Patriots,Yes,0.93,0.06999999999999995,
5,New York Jets,Miami Dolphins,Miami Dolphins,New York Jets,No,0.37,0.63,
5,Tampa Bay Buccaneers,Atlanta Falcons,Tampa Bay Buccaneers,Tampa Bay Buccaneers,Yes,0.86,0.14,
5,Washington Commanders,Tennessee Titans,Tennessee Titans,Tennessee Titans,Yes,0.36,0.64,
5,Carolina Panthers,San Francisco 49ers,San Francisco 49ers,San Francisco 49ers,Yes,0.17,0.83,
5,Arizona Cardinals,Philadelphia Eagles,Arizona Cardinals,Philadelphia Eagles,No,0.68,0.31999999999999995,
5,Los Angeles Rams,Dallas Cowboys,Los Angeles Rams,Dallas Cowboys,No,0.64,0.36,
5,Baltimore Ravens,Cincinnati Bengals,Cincinnati Bengals,Baltimore Ravens,No,0.3,0.7,
5,Kansas City Chiefs,Las Vegas Raiders,Kansas City Chiefs,Kansas City Chiefs,Yes,0.72,0.28,
6,Chicago Bears,Washington Commanders,Washington Commanders,Washington Commanders,Yes,0.17,0.83,
6,Atlanta Falcons,San Francisco 49ers,San Francisco 49ers,Atlanta Falcons,No,0.42,0.5800000000000001,
6,Cleveland Browns,New England Patriots,New England Patriots,New England Patriots,Yes,0.12,0.88,
6,Indianapolis Colts,Jacksonville Jaguars,Indianapolis Colts,Indianapolis Colts,Yes,0.99,0.010000000000000009,
6,Green Bay Packers,New York Jets,Green Bay Packers,New York Jets,No,0.99,0.010000000000000009,
6,Miami Dolphins,Minnesota Vikings,Minnesota Vikings,Minnesota Vikings,Yes,0.25,0.75,
6,New Orleans Saints,Cincinnati Bengals,Cincinnati Bengals,Cincinnati Bengals,Yes,0.21,0.79,
6,New York Giants,Baltimore Ravens,Baltimore Ravens,New York Giants,No,0.22,0.78,
6,Pittsburgh Steelers,Tampa Bay Buccaneers,Tampa Bay Buccaneers,Pittsburgh Steelers,No,0.24,0.76,
6,Los Angeles Rams,Carolina Panthers,Los Angeles Rams,Los Angeles Rams,Yes,0.95,0.050000000000000044,
6,Seattle Seahawks,Arizona Cardinals,Arizona Cardinals,Seattle Seahawks,No,0.18,0.8200000000000001,
6,Kansas City Chiefs,Buffalo Bills,Kansas City Chiefs,Buffalo Bills,No,0.54,0.45999999999999996,
6,Philadelphia Eagles,Dallas Cowboys,Philadelphia Eagles,Philadelphia Eagles,Yes,0.65,0.35,
6,Los Angeles Chargers,Denver Broncos,Los Angeles Chargers,Los Angeles Chargers,Yes,0.66,0.33999999999999997,
7,Arizona Cardinals,New Orleans Saints,Arizona Cardinals,Arizona Cardinals,Yes,0.88,0.12,
7,Carolina Panthers,Tampa Bay Buccaneers,Tampa Bay Buccaneers,Carolina Panthers,No,0.06,0.94,
7,Cincinnati Bengals,Atlanta Falcons,Cincinnati Bengals,Cincinnati Bengals,Yes,0.8,0.19999999999999996,
7,Dallas Cowboys,Detroit Lions,Dallas Cowboys,Dallas Cowboys,Yes,0.82,0.18000000000000005,
7,Jacksonville Jaguars,New York Giants,New York Giants,New York Giants,Yes,0.4,0.6,
7,Tennessee Titans,Indianapolis Colts,Indianapolis Colts,Tennessee Titans,No,0.16,0.84,
7,Baltimore Ravens,Cleveland Browns,Baltimore Ravens,Baltimore Ravens,Yes,0.58,0.42000000000000004,
7,Washington Commanders,Green Bay Packers,Green Bay Packers,Washington Commanders,No,0.03,0.97,
7,Denver Broncos,New York Jets,Denver Broncos,New York Jets,No,0.93,0.06999999999999995,
7,Las Vegas Raiders,Houston Texans,Las Vegas Raiders,Las Vegas Raiders,Yes,0.81,0.18999999999999995,
7,Los Angeles Chargers,Seattle Seahawks,Los Angeles Chargers,Seattle Seahawks,No,0.8,0.19999999999999996,
7,San Francisco 49ers,Kansas City Chiefs,Kansas City Chiefs,Kansas City Chiefs,Yes,0.31,0.69,
7,Miami Dolphins,Pittsburgh Steelers,Pittsburgh Steelers,Miami Dolphins,No,0.47,0.53,
7,New England Patriots,Chicago Bears,New England Patriots,Chicago Bears,No,0.94,0.06000000000000005,
8,Tampa Bay Buccaneers,Baltimore Ravens,Tampa Bay Buccaneers,Baltimore Ravens,No,0.87,0.13,
8,Jacksonville Jaguars,Denver Broncos,Denver Broncos,Denver Broncos,Yes,0.06,0.94,
8,Atlanta Falcons,Carolina Panthers,Atlanta Falcons,Atlanta Falcons,Yes,0.82,0.18000000000000005,
8,Dallas Cowboys,Chicago Bears,Dallas Cowboys,Dallas Cowboys,Yes,0.88,0.12,
8,Detroit Lions,Miami Dolphins,Miami Dolphins,Miami Dolphins,Yes,0.39,0.61,
8,Minnesota Vikings,Arizona Cardinals,Arizona Cardinals,Minnesota Vikings,No,0.12,0.88,
8,New Orleans Saints,Las Vegas Raiders,New Orleans Saints,New Orleans Saints,Yes,0.54,0.45999999999999996,
8,New York Jets,New England Patriots,New England Patriots,New England Patriots,Yes,0.01,0.99,
8,Philadelphia Eagles,Pittsburgh Steelers,Philadelphia Eagles,Philadelphia Eagles,Yes,0.54,0.45999999999999996,
8,Houston Texans,Tennessee Titans,Tennessee Titans,Tennessee Titans,Yes,0.19,0.81,
8,Indianapolis Colts,Washington Commanders,Indianapolis Colts,Washington Commanders,No,0.86,0.14,
8,Los Angeles Rams,San Francisco 49ers,Los Angeles Rams,San Francisco 49ers,No,0.62,0.38,
8,Seattle Seahawks,New York Giants,Seattle Seahawks,Seattle Seahawks,Yes,0.75,0.25,
8,Buffalo Bills,Green Bay Packers,Green Bay Packers,Buffalo Bills,No,0.04,0.96,
8,Cleveland Browns,Cincinnati Bengals,Cincinnati Bengals,Cleveland Browns,No,0.23,0.77,
9,Houston Texans,Philadelphia Eagles,Philadelphia Eagles,Philadelphia Eagles,Yes,0.17,0.83,
9,Atlanta Falcons,Los Angeles Chargers,Los Angeles Chargers,Los Angeles Chargers,Yes,0.14,0.86,
9,Chicago Bears,Miami Dolphins,Miami Dolphins,Miami Dolphins,Yes,0.32,0.6799999999999999,
9,Cincinnati Bengals,Carolina Panthers,Cincinnati Bengals,Cincinnati Bengals,Yes,0.96,0.040000000000000036,
9,Detroit Lions,Green Bay Packers,Green Bay Packers,Detroit Lions,No,0.01,0.99,
9,Jacksonville Jaguars,Las Vegas Raiders,Las Vegas Raiders,Jacksonville Jaguars,No,0.15,0.85,
9,New England Patriots,Indianapolis Colts,Indianapolis Colts,New England Patriots,No,0.47,0.53,
9,New York Jets,Buffalo Bills,Buffalo Bills,New York Jets,No,0.05,0.95,
9,Washington Commanders,Minnesota Vikings,Washington Commanders,Minnesota Vikings,No,0.63,0.37,
9,Arizona Cardinals,Seattle Seahawks,Arizona Cardinals,Seattle Seahawks,No,0.93,0.06999999999999995,
9,Tampa Bay Buccaneers,Los Angeles Rams,Tampa Bay Buccaneers,Tampa Bay Buccaneers,Yes,0.64,0.36,
9,Kansas City Chiefs,Tennessee Titans,Kansas City Chiefs,Kansas City Chiefs,Yes,0.69,0.31000000000000005,
9,New Orleans Saints,Baltimore Ravens,New Orleans Saints,Baltimore Ravens,No,0.55,0.44999999999999996,
10,Carolina Panthers,Atlanta Falcons,Atlanta Falcons,Carolina Panthers,No,0.2,0.8,
10,Tampa Bay Buccaneers,Seattle Seahawks,Tampa Bay Buccaneers,Tampa Bay Buccaneers,Yes,0.94,0.06000000000000005,
10,Buffalo Bills,Minnesota Vikings,Buffalo Bills,Minnesota Vikings,No,0.75,0.25,
10,Chicago Bears,Detroit Lions,Chicago Bears,Detroit Lions,No,0.54,0.45999999999999996,
10,Kansas City Chiefs,Jacksonville Jaguars,Kansas City Chiefs,Kansas City Chiefs,Yes,0.94,0.06000000000000005,
10,Miami Dolphins,Cleveland Browns,Miami Dolphins,Miami Dolphins,Yes,0.58,0.42000000000000004,
10,New York Giants,Houston Texans,Houston Texans,New York Giants,No,0.37,0.63,
10,Tennessee Titans,Denver Broncos,Denver Broncos,Tennessee Titans,No,0.42,0.5800000000000001,
10,Pittsburgh Steelers,New Orleans Saints,Pittsburgh Steelers,Pittsburgh Steelers,Yes,0.55,0.44999999999999996,
10,Las Vegas Raiders,Indianapolis Colts,Indianapolis Colts,Indianapolis Colts,Yes,0.08,0.92,
10,Green Bay Packers,Dallas Cowboys,Green Bay Packers,Green Bay Packers,Yes,0.95,0.050000000000000044,
10,Los Angeles Rams,Arizona Cardinals,Arizona Cardinals,Arizona Cardinals,Yes,0.34,0.6599999999999999,
10,San Francisco 49ers,Los Angeles Chargers,Los Angeles Chargers,San Francisco 49ers,No,0.28,0.72,
10,Philadelphia Eagles,Washington Commanders,Philadelphia Eagles,Washington Commanders,No,0.56,0.43999999999999995,
11,Green Bay Packers,Tennessee Titans,Green Bay Packers,Tennessee Titans,No,0.96,0.040000000000000036,
11,Atlanta Falcons,Chicago Bears,Atlanta Falcons,Atlanta Falcons,Yes,0.6,0.4,
11,Buffalo Bills,Cleveland Browns,Buffalo Bills,Buffalo Bills,Yes,0.72,0.28,
11,Indianapolis Colts,Philadelphia Eagles,Indianapolis Colts,Philadelphia Eagles,No,0.88,0.12,
11,Houston Texans,Washington Commanders,Washington Commanders,Washington Commanders,Yes,0.41,0.5900000000000001,
11,New Orleans Saints,Los Angeles Rams,Los Angeles Rams,New Orleans Saints,No,0.17,0.83,
11,New England Patriots,New York Jets,New England Patriots,New England Patriots,Yes,0.99,0.010000000000000009,
11,New York Giants,Detroit Lions,Detroit Lions,Detroit Lions,Yes,0.29,0.71,
11,Baltimore Ravens,Carolina Panthers,Baltimore Ravens,Baltimore Ravens,Yes,0.73,0.27,
11,Denver Broncos,Las Vegas Raiders,Denver Broncos,Las Vegas Raiders,No,0.55,0.44999999999999996,
11,Minnesota Vikings,Dallas Cowboys,Dallas Cowboys,Dallas Cowboys,Yes,0.13,0.87,
11,Pittsburgh Steelers,Cincinnati Bengals,Cincinnati Bengals,Cincinnati Bengals,Yes,0.24,0.76,
11,Los Angeles Chargers,Kansas City Chiefs,Los Angeles Chargers,Kansas City Chiefs,No,0.56,0.43999999999999995,
11,Arizona Cardinals,San Francisco 49ers,Arizona Cardinals,San Francisco 49ers,No,0.74,0.26,
12,Detroit Lions,Buffalo Bills,Buffalo Bills,Buffalo Bills,Yes,0.14,0.86,
12,Dallas Cowboys,New York Giants,Dallas Cowboys,Dallas Cowboys,Yes,0.87,0.13,
12,Minnesota Vikings,New England Patriots,New England Patriots,Minnesota Vikings,No,0.11,0.89,
12,Carolina Panthers,Denver Broncos,Denver Broncos,Carolina Panthers,No,0.09,0.91,
12,Cleveland Browns,Tampa Bay Buccaneers,Tampa Bay Buccaneers,Cleveland Browns,No,0.14,0.86,
12,Jacksonville Jaguars,Baltimore Ravens,Baltimore Ravens,Jacksonville Jaguars,No,0.25,0.75,
12,Miami Dolphins,Houston Texans,Miami Dolphins,Miami Dolphins,Yes,0.6,0.4,
12,New York Jets,Chicago Bears,Chicago Bears,New York Jets,No,0.11,0.89,
12,Tennessee Titans,Cincinnati Bengals,Cincinnati Bengals,Cincinnati Bengals,Yes,0.31,0.69,
12,Washington Commanders,Atlanta Falcons,Atlanta Falcons,Washington Commanders,No,0.4,0.6,
12,Arizona Cardinals,Los Angeles Chargers,Arizona Cardinals,Los Angeles Chargers,No,0.61,0.39,
12,Seattle Seahawks,Las Vegas Raiders,Las Vegas Raiders,Las Vegas Raiders,Yes,0.27,0.73,
12,Kansas City Chiefs,Los Angeles Rams,Los Angeles Rams,Kansas City Chiefs,No,0.47,0.53,
12,San Francisco 49ers,New Orleans Saints,San Francisco 49ers,San Francisco 49ers,Yes,0.51,0.49,
12,Philadelphia Eagles,Green Bay Packers,Green Bay Packers,Philadelphia Eagles,No,0.04,0.96,
12,Indianapolis Colts,Pittsburgh Steelers,Indianapolis Colts,Pittsburgh Steelers,No,0.92,0.07999999999999996,
13,New England Patriots,Buffalo Bills,New England Patriots,Tie or Not Played yet,Tie or Not Played yet,0.76,0.24,
13,Atlanta Falcons,Pittsburgh Steelers,Pittsburgh Steelers,Tie or Not Played yet,Tie or Not Played yet,0.44,0.56,
13,Chicago Bears,Green Bay Packers,Green Bay Packers,Tie or Not Played yet,Tie or Not Played yet,0.02,0.98,
13,Detroit Lions,Jacksonville Jaguars,Detroit Lions,Tie or Not Played yet,Tie or Not Played yet,0.69,0.31000000000000005,
13,Houston Texans,Cleveland Browns,Cleveland Browns,Tie or Not Played yet,Tie or Not Played yet,0.31,0.69,
13,Minnesota Vikings,New York Jets,Minnesota Vikings,Tie or Not Played yet,Tie or Not Played yet,0.89,0.10999999999999999,
13,New York Giants,Washington Commanders,Washington Commanders,Tie or Not Played yet,Tie or Not Played yet,0.39,0.61,
13,Philadelphia Eagles,Tennessee Titans,Tennessee Titans,Tie or Not Played yet,Tie or Not Played yet,0.49,0.51,
13,Baltimore Ravens,Denver Broncos,Denver Broncos,Tie or Not Played yet,Tie or Not Played yet,0.14,0.86,
13,Los Angeles Rams,Seattle Seahawks,Los Angeles Rams,Tie or Not Played yet,Tie or Not Played yet,0.9,0.09999999999999998,
13,San Francisco 49ers,Miami Dolphins,San Francisco 49ers,Tie or Not Played yet,Tie or Not Played yet,0.59,0.41000000000000003,
13,Cincinnati Bengals,Kansas City Chiefs,Kansas City Chiefs,Tie or Not Played yet,Tie or Not Played yet,0.49,0.51,
13,Las Vegas Raiders,Los Angeles Chargers,Los Angeles Chargers,Tie or Not Played yet,Tie or Not Played yet,0.24,0.76,
13,Dallas Cowboys,Indianapolis Colts,Indianapolis Colts,Tie or Not Played yet,Tie or Not Played yet,0.09,0.91,
13,Tampa Bay Buccaneers,New Orleans Saints,Tampa Bay Buccaneers,Tie or Not Played yet,Tie or Not Played yet,0.86,0.14,
14,Los Angeles Rams,Las Vegas Raiders,Los Angeles Rams,Tie or Not Played yet,Tie or Not Played yet,0.88,0.12,
14,Buffalo Bills,New York Jets,Buffalo Bills,Tie or Not Played yet,Tie or Not Played yet,0.96,0.040000000000000036,
14,Cincinnati Bengals,Cleveland Browns,Cincinnati Bengals,Tie or Not Played yet,Tie or Not Played yet,0.65,0.35,
14,Dallas Cowboys,Houston Texans,Dallas Cowboys,Tie or Not Played yet,Tie or Not Played yet,0.77,0.22999999999999998,
14,Detroit Lions,Minnesota Vikings,Minnesota Vikings,Tie or Not Played yet,Tie or Not Played yet,0.38,0.62,
14,New York Giants,Philadelphia Eagles,Philadelphia Eagles,Tie or Not Played yet,Tie or Not Played yet,0.13,0.87,
14,Tennessee Titans,Jacksonville Jaguars,Tennessee Titans,Tie or Not Played yet,Tie or Not Played yet,0.92,0.07999999999999996,
14,Pittsburgh Steelers,Baltimore Ravens,Pittsburgh Steelers,Tie or Not Played yet,Tie or Not Played yet,0.7,0.30000000000000004,
14,Los Angeles Chargers,Miami Dolphins,Los Angeles Chargers,Tie or Not Played yet,Tie or Not Played yet,0.85,0.15000000000000002,
14,Seattle Seahawks,Carolina Panthers,Seattle Seahawks,Tie or Not Played yet,Tie or Not Played yet,0.86,0.14,
14,San Francisco 49ers,Tampa Bay Buccaneers,Tampa Bay Buccaneers,Tie or Not Played yet,Tie or Not Played yet,0.12,0.88,
14,Denver Broncos,Kansas City Chiefs,Denver Broncos,Tie or Not Played yet,Tie or Not Played yet,0.54,0.45999999999999996,
14,Arizona Cardinals,New England Patriots,Arizona Cardinals,Tie or Not Played yet,Tie or Not Played yet,0.58,0.42000000000000004,
15,Seattle Seahawks,San Francisco 49ers,San Francisco 49ers,Tie or Not Played yet,Tie or Not Played yet,0.39,0.61,
15,Buffalo Bills,Miami Dolphins,Buffalo Bills,Tie or Not Played yet,Tie or Not Played yet,0.69,0.31000000000000005,
15,Carolina Panthers,Pittsburgh Steelers,Pittsburgh Steelers,Tie or Not Played yet,Tie or Not Played yet,0.1,0.9,
15,Chicago Bears,Philadelphia Eagles,Philadelphia Eagles,Tie or Not Played yet,Tie or Not Played yet,0.26,0.74,
15,Cleveland Browns,Baltimore Ravens,Cleveland Browns,Tie or Not Played yet,Tie or Not Played yet,0.67,0.32999999999999996,
15,Houston Texans,Kansas City Chiefs,Kansas City Chiefs,Tie or Not Played yet,Tie or Not Played yet,0.17,0.83,
15,Jacksonville Jaguars,Dallas Cowboys,Dallas Cowboys,Tie or Not Played yet,Tie or Not Played yet,0.08,0.92,
15,Minnesota Vikings,Indianapolis Colts,Indianapolis Colts,Tie or Not Played yet,Tie or Not Played yet,0.03,0.97,
15,New Orleans Saints,Atlanta Falcons,New Orleans Saints,Tie or Not Played yet,Tie or Not Played yet,0.56,0.43999999999999995,
15,New York Jets,Detroit Lions,Detroit Lions,Tie or Not Played yet,Tie or Not Played yet,0.18,0.8200000000000001,
15,Washington Commanders,New York Giants,Washington Commanders,Tie or Not Played yet,Tie or Not Played yet,0.66,0.33999999999999997,
15,Denver Broncos,Arizona Cardinals,Arizona Cardinals,Tie or Not Played yet,Tie or Not Played yet,0.32,0.6799999999999999,
15,Los Angeles Chargers,Tennessee Titans,Los Angeles Chargers,Tie or Not Played yet,Tie or Not Played yet,0.65,0.35,
15,Tampa Bay Buccaneers,Cincinnati Bengals,Tampa Bay Buccaneers,Tie or Not Played yet,Tie or Not Played yet,0.76,0.24,
15,Las Vegas Raiders,New England Patriots,New England Patriots,Tie or Not Played yet,Tie or Not Played yet,0.19,0.81,
15,Green Bay Packers,Los Angeles Rams,Green Bay Packers,Tie or Not Played yet,Tie or Not Played yet,0.87,0.13,
16,New York Jets,Jacksonville Jaguars,Jacksonville Jaguars,Tie or Not Played yet,Tie or Not Played yet,0.31,0.69,
16,Carolina Panthers,Detroit Lions,Detroit Lions,Tie or Not Played yet,Tie or Not Played yet,0.32,0.6799999999999999,
16,Chicago Bears,Buffalo Bills,Buffalo Bills,Tie or Not Played yet,Tie or Not Played yet,0.31,0.69,
16,Cleveland Browns,New Orleans Saints,New Orleans Saints,Tie or Not Played yet,Tie or Not Played yet,0.48,0.52,
16,Kansas City Chiefs,Seattle Seahawks,Kansas City Chiefs,Tie or Not Played yet,Tie or Not Played yet,0.74,0.26,
16,Minnesota Vikings,New York Giants,Minnesota Vikings,Tie or Not Played yet,Tie or Not Played yet,0.66,0.33999999999999997,
16,New England Patriots,Cincinnati Bengals,New England Patriots,Tie or Not Played yet,Tie or Not Played yet,0.71,0.29000000000000004,
16,Tennessee Titans,Houston Texans,Tennessee Titans,Tie or Not Played yet,Tie or Not Played yet,0.82,0.18000000000000005,
16,Baltimore Ravens,Atlanta Falcons,Atlanta Falcons,Tie or Not Played yet,Tie or Not Played yet,0.33,0.6699999999999999,
16,San Francisco 49ers,Washington Commanders,San Francisco 49ers,Tie or Not Played yet,Tie or Not Played yet,0.65,0.35,
16,Dallas Cowboys,Philadelphia Eagles,Philadelphia Eagles,Tie or Not Played yet,Tie or Not Played yet,0.44,0.56,
16,Pittsburgh Steelers,Las Vegas Raiders,Pittsburgh Steelers,Tie or Not Played yet,Tie or Not Played yet,0.52,0.48,
16,Miami Dolphins,Green Bay Packers,Green Bay Packers,Tie or Not Played yet,Tie or Not Played yet,0.01,0.99,
16,Los Angeles Rams,Denver Broncos,Los Angeles Rams,Tie or Not Played yet,Tie or Not Played yet,0.72,0.28,
16,Arizona Cardinals,Tampa Bay Buccaneers,Tampa Bay Buccaneers,Tie or Not Played yet,Tie or Not Played yet,0.49,0.51,
16,Indianapolis Colts,Los Angeles Chargers,Indianapolis Colts,Tie or Not Played yet,Tie or Not Played yet,0.8,0.19999999999999996,
17,Tennessee Titans,Dallas Cowboys,Tennessee Titans,Tie or Not Played yet,Tie or Not Played yet,0.52,0.48,
17,Atlanta Falcons,Arizona Cardinals,Arizona Cardinals,Tie or Not Played yet,Tie or Not Played yet,0.13,0.87,
17,Detroit Lions,Chicago Bears,Chicago Bears,Tie or Not Played yet,Tie or Not Played yet,0.28,0.72,
17,Houston Texans,Jacksonville Jaguars,Houston Texans,Tie or Not Played yet,Tie or Not Played yet,0.74,0.26,
17,Kansas City Chiefs,Denver Broncos,Denver Broncos,Tie or Not Played yet,Tie or Not Played yet,0.43,0.5700000000000001,
17,New England Patriots,Miami Dolphins,New England Patriots,Tie or Not Played yet,Tie or Not Played yet,0.9,0.09999999999999998,
17,New York Giants,Indianapolis Colts,Indianapolis Colts,Tie or Not Played yet,Tie or Not Played yet,0.02,0.98,
17,Philadelphia Eagles,New Orleans Saints,Philadelphia Eagles,Tie or Not Played yet,Tie or Not Played yet,0.6,0.4,
17,Baltimore Ravens,Pittsburgh Steelers,Pittsburgh Steelers,Tie or Not Played yet,Tie or Not Played yet,0.27,0.73,
17,Tampa Bay Buccaneers,Carolina Panthers,Tampa Bay Buccaneers,Tie or Not Played yet,Tie or Not Played yet,0.98,0.020000000000000018,
17,Washington Commanders,Cleveland Browns,Cleveland Browns,Tie or Not Played yet,Tie or Not Played yet,0.31,0.69,
17,Las Vegas Raiders,San Francisco 49ers,Las Vegas Raiders,Tie or Not Played yet,Tie or Not Played yet,0.53,0.47,
17,Seattle Seahawks,New York Jets,Seattle Seahawks,Tie or Not Played yet,Tie or Not Played yet,0.92,0.07999999999999996,
17,Green Bay Packers,Minnesota Vikings,Green Bay Packers,Tie or Not Played yet,Tie or Not Played yet,0.99,0.010000000000000009,
17,Los Angeles Chargers,Los Angeles Rams,Los Angeles Rams,Tie or Not Played yet,Tie or Not Played yet,0.32,0.6799999999999999,
17,Cincinnati Bengals,Buffalo Bills,Cincinnati Bengals,Tie or Not Played yet,Tie or Not Played yet,0.56,0.43999999999999995,
